user_id,user_name
1,gc
2,prigaux
3,fred
4,quintela
5,jgarzik
6,penso
7,leviramsey
8,havardk
9,sh
10,zappy
11,ollesson
12,sander
13,caolan
14,samth
15,SteveMallett
16,duff
17,MikeCamel
18,mwk
19,mobius
20,mbrubeck
21,tod
22,rasmus
23,mrcsparker
24,jeje
25,sheath
26,dwaite
27,Erbo
28,pgmillard
29,jeremie
30,miguel
31,temas
32,DizzyD
33,eliot
34,julian
35,fingolfin
36,yiran
37,DaveGoehrig
38,agntdrake
39,tripix
40,beppu
41,Astinus
42,halcy0n
43,timriker
44,davej
45,lkcl
46,alan
47,zulcss
48,itamar
49,ping
50,MJ
51,faassen
52,shalabh
53,moshez
54,Shenka
55,butchland
56,ppetru
57,ChrisMcDonough
58,hathawsh
59,stevea
60,hugues
61,michel
62,chalst
63,robla
64,eli7
65,mbp
66,spiv
67,glyph
68,jml
69,z3p
70,carmstro
71,washort
72,Artimage
73,sjogren
74,calderone
75,etrepum
76,xxant
77,myamin787
78,stevetaylor
79,winter
80,ladypine
81,Ausmosis
82,sulaiman
83,gbowland
84,doogie
85,ghaering
86,netgod
87,jules
88,crj
89,Waldo
90,shaleh
91,seeS
92,schoen
93,sad
94,RyanMuldoon
95,Ryan
96,rw2
97,ruud
98,rupert
99,rtmfd
100,afayolle
101,Daryll
102,darkewolf
103,csm
104,crackmonkey
105,cmc
106,bma
107,bjf
108,benno
109,azz
110,asmodai
111,angelsun
112,andrei
113,ajv
114,salvadorfb
115,CharlyBrown
116,gwolf
117,dennyliao
118,ssb
119,lukeh
120,AndreyGolub
121,advogato
122,markonen
123,kalowsky
124,slamb
125,haruspex
126,rms
127,novelli
128,karlberry
129,timbl
130,piledriver
131,randu
132,irb
133,elgreen
134,csg
135,ksb
136,ab
137,softweyr
138,petef
139,crt0
140,schultmc
141,pretzelgod
142,branden
143,swilde
144,bernhard
145,jan
146,coorman
147,ber
148,Fefe
149,johnmc
150,kapplegate
151,netsaint
152,VUGO
153,pom
154,pliant
155,huberttonneau
156,hf
157,fxn
158,oka
159,eel
160,athomas
161,minou
162,abraham
163,gord
164,Drue
165,Bram
166,splork
167,Zooko
168,orasis
169,AlthA
170,macdome
171,Darin
172,mjs
173,lypanov
174,andersca
175,esr
176,bengoodger
177,kevinvv
178,landonf
179,felipe
180,Wolf
181,niceguyeddie
182,Rabbitt
183,easino
184,Payne
185,izham
186,zeenix
187,nutella
188,zhaoway
189,mx
190,iand
191,jmason
192,mallum
193,simonstl
194,aaronsw
195,zbir
196,mml
197,cdent
198,squiggy
199,suso
200,ahosey
201,esinclai
202,cannam
203,eknuth
204,jjw
205,jlf
206,bmastenbrook
207,crhodes
208,water
209,dan
210,wnewman
211,tbmoore
212,Leimy
213,pfdietz
214,nymia
215,kroah
216,govert
217,cyrus
218,Frostola
219,Gregoyle
220,Rika
221,infodragon
222,jleader
223,larke
224,jameson
225,miniver
226,volsung
227,matt
228,Malkuse
229,pemdas
230,tetron
231,Blacky
232,nixnut
233,const
234,hypatia
235,jonathon
236,maphew
237,sergent
238,pedro
239,pnkfelix
240,apgarcia
241,zachlipton
242,jono
243,renster
244,nipper
245,GJF
246,ebizo
247,extremely
248,wwwwolf
249,matman
250,ravskel
251,Johnath
252,orlando
253,mattk
254,backtick
255,mikeszcz
256,wen
257,JoshO
258,dirtyrat
259,semaj
260,fxtech
261,mirwin
262,sune
263,maelstorm
264,slide
265,sej
266,kailden
267,tschwall
268,echuck
269,tripp
270,gtalvola
271,uweo
272,mengel
273,lars
274,jtauber
275,montdidier
276,Svartalf
277,Stab
278,hackle
279,djs
280,jasper
281,valen
282,gstein
283,Toby
284,bjn
285,chuck
286,jwz
287,parise
288,jpc
289,dannyobrien
290,imp
291,avi
292,lukem
293,seek3r
294,rohee
295,dnm
296,dugsong
297,bagder
298,NetHunter
299,jwing
300,ssheth
301,timp
302,spong
303,blizzard
304,msw
305,johnsonm
306,Adrian
307,bero
308,harald
309,jacobsan
310,ewan
311,AArthur
312,cam
313,riaan
314,prw
315,vlastyn
316,Bryce
317,phaedrus
318,willy
319,Maltranar
320,nwv
321,xealon
322,khazad
323,xach
324,tigert
325,neo
326,yosh
327,octobrx
328,raph
329,BrucePerens
330,rjones
331,amk
332,effbot
333,fdrake
334,jhermann
335,mwh
336,ShredWheat
337,4am
338,avix
339,jhyde
340,nata
341,lantern
342,olle
343,radel
344,jimmac
345,garrett
346,hadess
347,keltor
348,alex
349,jamesh
350,ramiro
351,pavlov
352,shaver
353,davem
354,maugrim
355,aigeek
356,lucas
357,Kay
358,DarkBlack
359,jmbarry
360,PhOeNiX
361,Judith
362,TheCorruptor
363,bolsh
364,kai
365,ryanc
366,choncho101
367,feldmark
368,milk
369,jflemer
370,mcg
371,asdgray
372,hominforinvestm
373,AntonA
374,mdekkers
375,todd
376,footrot
377,will
378,Dionys
379,josh
380,renata
381,Toskinha
382,seth
383,smiha
384,Lionfire
385,kuro5hin
386,toysruss
387,Inoshiro
388,paci
389,sama
390,ciro
391,cgabriel
392,panta
393,eugenia
394,mperry
395,AdeL
396,decouto
397,Penix
398,seanegan
399,chipx86
400,robilad
401,lrargerich
402,ClimbNorth
403,cTaylor
404,BattleCat
405,jpick
406,mrsbrisby
407,walpuski
408,banram
409,mutiny
410,satai
411,crahen
412,whenning
413,statbanana
414,gnutizen
415,cthrall
416,RhysJones
417,miah
418,mascot
419,Mondragon
420,MichaelCardenas
421,allanf
422,donscarletti
423,steinm
424,sascha
425,thies
426,zeev
427,kris
428,marcelo
429,acme
430,ralsina
431,riel
432,bcrl
433,alanr
434,zab
435,prumpf
436,jes
437,lmb
438,Telsa
439,chbm
440,rmk
441,dwmw2
442,morcego
443,seklos
444,roguemtl
445,axboe
446,ivan
447,lowcrash
448,mart
449,bradfitz
450,evan
451,dormando
452,revjim
453,starzz
454,Ender
455,china
456,gjuyn
457,rillian
458,g2boojum
459,kingja85
460,Archit
461,mglazer
462,brian
463,Tofu
464,thepug
465,nogbogfrog
466,stric
467,jonas
468,notzed
469,dyork
470,zach
471,jaz147
472,dmz
473,JZig
474,stargazer
475,fra
476,tdat
477,yelvington
478,danny
479,LazyJones
480,jeremyw
481,listen
482,mrw
483,sxw
484,wildmage
485,automaton
486,dwheeler
487,adduncan
488,billlyjoeray
489,djweis
490,verbal
491,tim
492,jdub
493,abw
494,nettrom
495,pawal
496,sabren
497,wainstead
498,gregorsamsa
499,Surfr
500,HiroProtagonist
501,rakholh
502,adamsc
503,ali
504,gallen
505,jra
506,hpa
507,chroma
508,leon
509,jda
510,nny
511,jrb
512,rbrady
513,malcolm
514,gilbertt
515,harinath
516,Rhys
517,rossigee
518,neale
519,i0lanthe
520,cronosII
521,johnmeacham
522,walters
523,gleblanc
524,MikeGTN
525,jfleck
526,pfh
527,charlie
528,voltron
529,UnNamed
530,Wilddev
531,nzkoz
532,gdvieira
533,misa
534,pop
535,garett
536,mdz
537,ts
538,ahvezda
539,geekd
540,sab39
541,mrbook
542,taw
543,syngin
544,salemioche
545,calum
546,naba
547,drake
548,jtjm
549,val
550,skh
551,katie
552,follower
553,dgh
554,techt
555,xiphmont
556,kahlage
557,flomo855
558,mwimer
559,whois
560,Acki
561,gert
562,rse
563,thrase
564,jamesm
565,elj
566,abeferlman
567,ldss
568,ashley
569,Uruk
570,pehranderson
571,billionaire
572,benadida
573,superpete
574,bribass
575,jfrisby
576,cdegroot
577,DV
578,claudio
579,manu
580,welisc
581,adubey
582,jLoki
583,chakie
584,lilo
585,timcw
586,jbowman
587,mishan
588,thom
589,dchapes
590,pelleb
591,krftkndl
592,futility
593,jao
594,wardv
595,drc
596,alexr
597,lerdsuwa
598,highgeek
599,Ilan
600,NuniaBiz
601,gt3
602,opticnoise
603,stevej
604,neurogato
605,ringbark
606,MartBrooks
607,uleonhardt
608,wow
609,jmoore
610,ncm
611,slm
612,Miod
613,gary
614,cmiller
615,sjanes71
616,djur
617,amars
618,ruda
619,minami
620,RossBurton
621,aleksey
622,slok
623,LotR
624,edd
625,salmoni
626,Judas
627,vdv
628,msa
629,connolly
630,bgeiger
631,Phoon
632,mulix
633,aleix
634,richdawe
635,Mort666
636,tclark
637,jhylton
638,Iain
639,wli
640,jimjag
641,TordJ
642,werner
643,kojima
644,bkuhn
645,clahey
646,Guillaume
647,jkh
648,jgg
649,jg
650,jenglish
651,elise
652,eivind
653,behdad
654,Anthony
655,jonb
656,knghtbrd
657,topher
658,chromatic
659,nik
660,jameskay
661,Scotbuff
662,jarcas
663,rubiojr
664,arukala
665,amunix
666,mael
667,jfoster
668,Aiken
669,blume
670,danwang
671,macana
672,jjamor
673,olea
674,jfs
675,danguer
676,malon
677,strlen
678,strider
679,SIrabbi
680,sand
681,asuffield
682,alfons
683,ariya
684,mahadir
685,sharyanto
686,markandre
687,racergirl101
688,yakob
689,bmclain
690,richardted
691,sika
692,fhars
693,FrenchTouch
694,sussman
695,jimb
696,kfogel
697,fitz
698,lefty
699,dorward
700,abram
701,apenwarr
702,privard
703,zeevon
704,Janus
705,kmcmartin
706,eopadoan
707,rootsh
708,Akira
709,ebassi
710,Ward
711,hub
712,gman
713,natfriedman
714,Fyodor
715,mjg59
716,mako
717,rml
718,Jordi
719,federico
720,niemeyer
721,lucasr
722,Senra
723,avassalotti
724,ianb
725,brain
726,GabrielOPadoan
727,pvanhoof
728,jdahlin
729,dalke
730,hussaibi
731,bibus
732,nsh
733,brianmckeever
734,CentralScrutinizer
735,martin
736,joey
737,graydon
738,dhd
739,wichert
740,omnic
741,espy
742,couvares
743,argent
744,Zonker
745,tsavage
746,grog
747,phk
748,msmith
749,peter
750,jimd
751,hacker
752,skinhead
753,jmecham
754,daddyreno
755,jchen
756,danielsan
757,Mulad
758,dieman
759,gnuchris
760,rachel
761,gigamatt
762,robey
763,scameron
764,wsanchez
765,Blackthorn
766,niksilver
767,CryoBob
768,mchirico
769,anirban
770,jimw
771,defiance
772,derupe
773,johnnyb
774,cinamod
775,Grit
776,MichaelCrawford
777,sashako
778,marnanel
779,wingo
780,Uraeus
781,robogato
782,dag
783,jeremy
784,Skud
785,rkrishnan
786,cjwatson
787,greve
788,atai
789,srivasta
790,psg
791,mathieu
792,ajt
793,sdodji
794,vivekv
795,logic
796,achitnis
797,ole
798,dpatel
799,sri
800,RobinS
801,davidw
802,etbe
803,scjody
804,bratsche
805,ianmacd
806,Cardinal
807,fejj
808,arvind
809,dalinian
810,nullity
811,roshan
812,Chicago
813,tromey
814,Deepa
815,jaldhar
816,lightmonk
817,dooykung
818,aafuss
819,DeepNorth
820,RichardA
821,DNAGuy
822,ian
823,robota
824,pretender
825,kaig
826,wmperry
827,jsh
828,afruss
829,Radagast
830,murrayc
831,whatever
832,jrami
833,nick
834,calc
835,tausq
836,jwalther
837,Joy
838,brian252
839,zakk
840,crudman
841,ErikLevy
842,trebinor
843,katzj
844,spot
845,icemonk
846,superant
847,linux365
848,autarch
849,Spoon
850,petdance
851,IlyaM
852,merlyn
853,lalo
854,gjbadros
855,bcollins
856,JHM
857,Satan
858,scandal
859,bdale
860,God
861,efge
862,fraggle
863,claviola
864,purcell
865,ev
866,abom
867,po8
868,kimptoc
869,latchkey
870,daveb
871,suds
872,rstevens
873,rdl
874,kogel
875,shaman33
876,mikl
877,jpayne
878,scromp
879,tobi
880,ingvar
881,jmm
882,jlbec
883,Simon
884,dantrevino
885,pusakat
886,jennv
887,dancer
888,goingware
889,TypeRite
890,bytesplit
891,fallenlord
892,dobey
893,dmerrill
894,sachac
895,enigma
896,analogue
897,pcolijn
898,wlach
899,JoeNotCharles
900,saul
901,andrewmp
902,dcoombs
903,ppatters
904,pphaneuf
905,sfllaw
906,barf
907,mbit
908,Daneel
909,ttonino
910,rlk
911,fair
912,yakk
913,Arlo
914,barryp
915,eskil
916,jef
917,abg
918,Ankh
919,criswell
920,klevin
921,aftyde
922,async
923,olandgren
924,aero6dof
925,ion
926,ak
927,remle
928,jooon
929,nerdgir1
930,gwossum
931,ijliao
932,chant
933,Carbamide
934,vicious
935,kabalak
936,anna
937,chema
938,jf
939,chrisime
940,jordanb
941,harbourn
942,Kip
943,Marcus
944,StevenRainwater
945,thull
946,stuart
947,technik
948,trow
949,jpablo
950,Ansimorph
951,manuel
952,kraai
953,eric
954,spicyjack
955,xcyber
956,ntang
957,mike750
958,Al
959,berend
960,Boris
961,Ushakov
962,jaq
963,tony
964,omarius
965,aint
966,trailboy
967,etumenba
968,casantos
969,cezarg
970,paladine
971,superuser
972,khoerling
973,jonabbey
974,adamjk
975,edwardam
976,bikeNomad
977,elwell
978,hazelsct
979,axel
980,tweaker
981,auspex
982,bcully
983,josef
984,Wheat
985,nullspace
986,stone
987,ishamael
988,Jewelsthorn
989,menthos
990,rybolov
991,ldunbar
992,mstarch
993,DraX
994,pjdowner
995,ks
996,jarod
997,leonardr
998,Gregory
999,robster
1000,Hallski
1001,rhult
1002,Baud
1003,aldug
1004,terceiro
1005,murfInWyoming
1006,oej
1007,leunga
1008,cananian
1009,jaz
1010,plan9
1011,jch
1012,ZeeblebroX
1013,PenisBirdGuy
1014,pohl
1015,sethcohn
1016,digdude
1017,inf
1018,bneely
1019,hp
1020,Raphael
1021,dria
1022,dsifry
1023,corbet
1024,reniar
1025,Trakker
1026,starshine
1027,kelly
1028,kervalen
1029,kbob
1030,freeside
1031,gael
1032,decklin
1033,robhudson
1034,epcraig
1035,BlaisePascal
1036,nop
1037,Kyrgan
1038,naturedarren
1039,KLOG
1040,wcooley
1041,tunesmith
1042,aicra
1043,Phlucks
1044,scav
1045,Dries
1046,deekayen
1047,TheNalf
1048,dsandras
1049,ads
1050,tfheen
1051,djm
1052,hands
1053,stskeeps
1054,tibaland45
1055,Apakuni
1056,compiler
1057,heliocastro
1058,testuser
1059,buckley
1060,feebdaed
1061,dburcaw
1062,kr0n
1063,rw
1064,clausen
1065,webseeker
1066,polo
1067,mjcox
1068,jpalme2000
1069,Nectar
1070,lp0
1071,macricht
1072,timg
1073,pat
1074,lewing
1075,cameron
1076,four
1077,Acapnotic
1078,terral
1079,kwayne
1080,justin
1081,jmacd
1082,Ricdude
1083,joncruz
1084,cactus
1085,uzi
1086,flaggz
1087,BrentN
1088,nelsonrn
1089,dphase
1090,rooneg
1091,hubicka
1092,pfremy
1093,zbowling
1094,ssvgopal
1095,vieira
1096,deirdre
1097,jradix
1098,kalou
1099,ahyden
1100,jayc
1101,okiniko
1102,netfrost
1103,Aspuru
1104,MiG
1105,jaybonci
1106,KBrown
1107,Barbwired
1108,bogart
1109,thorfinn
1110,bekj
1111,KevinL
1112,Pseudonym
1113,shermozle
1114,gka
1115,rth
1116,timj
1117,fvw
1118,jcheek
1119,VooDoo
1120,andy47
1121,dirkx
1122,ben
1123,andi
1124,daniel
1125,ask
1126,jmg
1127,ysidoro
1128,Vince
1129,Ramses0
1130,barbieri
1131,ztf
1132,harold
1133,joe
1134,apm
1135,hoffman
1136,BenFrantzDale
1137,petdr
1138,zealot
1139,vlg
1140,silvernerd
1141,mdupont
1142,agntdrake110
1143,lucipher
1144,negative
1145,netseeker
1146,boog
1147,sotod
1148,till
1149,DrCode
1150,bowis
1151,radar
1152,whytheluckystiff
1153,shlomif
1154,abs
1155,hubertf
1156,marc
1157,nathanw
1158,ignatz
1159,Zaitcev
1160,IainLowe
1161,kgb
1162,realblades
1163,jianshi
1164,jacobo
1165,djcb
1166,aaronl
1167,jngadreau
1168,nchriss
1169,carl
1170,RoUS
1171,cwinters
1172,bchoi
1173,cm
1174,davewiner
1175,chip
1176,rubys
1177,robocoder
1178,leaf
1179,nidd
1180,AlanShutko
1181,mpr
1182,ade
1183,coder
1184,thomasq
1185,jmelesky
1186,Fare
1187,thewatcher
1188,mvw
1189,jrf
1190,gwm
1191,doxxx
1192,nausicaa
1193,js
1194,eMBee
1195,Sergei
1196,jacopoc
1197,YoavShapira
1198,smurp
1199,markm
1200,AilleCat
1201,krow
1202,gshapiro
1203,jamie
1204,quiet1
1205,gjvc
1206,CowboyNeal
1207,sparks
1208,cjs
1209,unfurl
1210,pudge
1211,cg
1212,des
1213,green
1214,tetard
1215,srl
1216,ekashp
1217,gsutter
1218,nbm
1219,precision
1220,jbyers
1221,rwatson
1222,sye
1223,carey
1224,miguelzinho
1225,dlr
1226,jrobbins
1227,shaneowenby
1228,stefano
1229,manoj
1230,rbb
1231,bobsquatch
1232,cmacd
1233,Fyndo
1234,czero
1235,redi
1236,movement
1237,jbuck
1238,cdevienne
1239,jsm28
1240,phr
1241,jkeating
1242,skvidal
1243,JMarc
1244,phe
1245,stefan
1246,aoliva
1247,bonzini
1248,aph
1249,pinskia
1250,cdfrey
1251,sriggs
1252,arnuld
1253,fzort
1254,yosch
1255,qubit
1256,hulten
1257,argp
1258,dennissheil
1259,xamat
1260,murajov
1261,rgreening
1262,Trollaxor
1263,ittner
1264,8191
1265,stan
1266,mcnemesis
1267,guylhem
1268,DRMacIver
1269,LaForge
1270,ryuslash
1271,average
1272,danstowell
1273,arams
1274,jhill
1275,thecentric
1276,afcowie
1277,Nyco
1278,yeupou
1279,loic
1280,neofutur
1281,burtonator
1282,fen
1283,jdybnis
1284,sp
1285,mdillon
1286,KhensU
1287,neuro
1288,sim
1289,kira
1290,sness
1291,gtaylor
1292,rsousa
1293,vrfy
1294,davidz
1295,Mukraker
1296,marioc
1297,random
1298,Caboom
1299,gorgo
1300,amayil
1301,zimmer
1302,exa
1303,dbl
1304,fc
1305,torsten
1306,licquia
1307,weasel
1308,jim
1309,vincent
1310,lupus
1311,wolfie
1312,lazarus
1313,bfulgham
1314,kenelson
1315,mfleming
1316,MisterBad
1317,neil
1318,njaard
1319,tronical
1320,Capzilla
1321,Muddy
1322,MrFixit
1323,CharlesKerr
1324,strick
1325,ZIG
1326,heschong
1327,keybuk
1328,zgrong
1329,siddharth178
1330,adsharma
1331,sponge
1332,iddekingej
1333,xkranda
1334,Dodger
1335,Jick
1336,zwoop
1337,fluffy
1338,striker
1339,scottp
1340,pjf
1341,rcp
1342,jlittle
1343,julio
1344,jallison
1345,bbum
1346,brendan
1347,nmw
1348,ekkerbj
1349,rkunkel
1350,kiniry
1351,bondolo
1352,Perrin
1353,xmldoc
1354,jpr
1355,biz
1356,dngor
1357,campd
1358,mhausenblas
1359,vanquish
1360,think
1361,mslicker
1362,tnt
1363,gicmo
1364,simos
1365,robsta
1366,e8johan
1367,lloydwood
1368,4ngel
1369,MartySchrader
1370,mentifex
1371,AlanHorkan
1372,njh
1373,nyo
1374,titus
1375,dwragg
1376,tiagovaz
1377,eniss
1378,badvogato
1379,otavio
1380,goedson
1381,parkerc
1382,lyxmoo
1383,dfenwick
1384,elanthis
1385,grey
1386,faw
1387,beto
1388,Xorian
1389,si0ux
1390,forrest
1391,dlehn
1392,herzi
1393,baruch
1394,brouhaha
1395,harshy
1396,dion
1397,ensonic
1398,oubiwann
1399,cerquide
1400,maswan
1401,sjburges
1402,henrik
1403,bagfors
1404,norpan
1405,PatrikR
1406,angel
1407,JALH
1408,dinsdale
1409,mihtjel
1410,dmwaters
1411,mstevens
1412,tews
1413,skeezix
1414,Eimi
1415,mrorganic
1416,rbultje
1417,ds
1418,thomasvs
1419,adrighem
1420,peaceandlove
1421,lusena
1422,tmattox
1423,liquidgod
1424,cvbear0
1425,unigeek
1426,cullenfluffyjennings
1427,Qbert
1428,stig
1429,drunen
1430,lpd
1431,caine
1432,serdar20
1433,frb
1434,shawn
1435,claw
1436,kmaraas
1437,itp
1438,james666
1439,daf
1440,aelman
1441,gramps
1442,voda
1443,amar
1444,twentycharactersorle
1445,exedre
1446,mort
1447,ajh
1448,kendall
1449,kmacleod
1450,wmf
1451,cbbrowne
1452,mdorman
1453,jwb
1454,drow
1455,supercobra
1456,FeeBLe
1457,CarloK
1458,osk
1459,bgough
1460,papyromancer
1461,bmc
1462,stas
1463,arhuman
1464,japhy
1465,OeufMayo
1466,legart
1467,tjmather
1468,mjl9741
1469,casper
1470,JackPo
1471,paulus
1472,zx64
1473,comrad
1474,kynan
1475,lazyboy
1476,bertrand
1477,AnnaMoo
1478,Pike
1479,obrien
1480,robbe
1481,ipmonger
1482,Tux
1483,monk
1484,pabs
1485,sneakums
1486,hship
1487,redmist
1488,jlp
1489,a7r
1490,rodrigo
1491,cuenca
1492,alvaro
1493,juantomas
1494,vab
1495,Jody
1496,Talin
1497,largo
1498,cpw
1499,jhb
1500,six809
1501,harkal
1502,lxhispano
1503,davefx
1504,bgdarnel
1505,mblevin
1506,MattyT
1507,dskoll
1508,trollol
1509,hazen
1510,guidod
1511,bkorb
1512,braden
1513,wilm
1514,lukeg
1515,demoncrat
1516,ljlane
1517,walken
1518,aaron
1519,vorlon
1520,sbergmann
1521,Denny
1522,onki
1523,MarkL
1524,dajobe
1525,basilio
1526,Fabian
1527,mhz
1528,deb
1529,gpoo
1530,jci
1531,pvillavi
1532,moo
1533,ruaok
1534,willey
1535,garrison
1536,jsheets
1537,jwcheung
1538,Burgundavia
1539,jamiemcc
1540,jsgotangco
1541,footpad
1542,fuzzynerd
1543,lgerbarg
1544,llasram
1545,adulau
1546,chrisd
1547,NickElm
1548,andersee
1549,fufie
1550,iwehrman
1551,opiate
1552,fpmip
1553,renaud
1554,osvaldo
1555,eliphas
1556,RaNma
1557,anton
1558,Nelson
1559,jerry
1560,jerenkrantz
1561,baretta
1562,dhartmei
1563,Physicman
1564,lkratz
1565,rodolphe
1566,Kouran
1567,jneves
1568,villate
1569,xsa
1570,Ruffy
1571,ger
1572,c170
1573,mike1
1574,esden
1575,blindcoder
1576,rolla
1577,mimerki
1578,alexm
1579,markus
1580,hgayosso
1581,stu
1582,pmcgovern
1583,alecm
1584,brett
1585,Thias
1586,Stevey
1587,acero
1588,beercan
1589,zilch
1590,anders
1591,steved
1592,cmm
1593,JonRock
1594,Melomel
1595,nosinut
1596,bobg
1597,hanwen
1598,craigbro
1599,prevostjm
1600,lange
1601,mlsm
1602,mazeone
1603,jack
1604,ashp
1605,k
1606,segher
1607,dchud
1608,paradox
1609,eikeon
1610,zahl
1611,luul2002
1612,stephan
1613,Tomer
1614,keskoy
1615,vlg2
1616,jacob
1617,gmp
1618,iamsure
1619,Axolotl
1620,trukfixer
1621,zaldun
1622,polak
1623,bibekpaudel
1624,dlc
1625,mlavallee
1626,krause
1627,lordsutch
1628,dres
1629,ploppy
1630,madhatter
1631,monkeyiq
1632,jcm
1633,Centove
1634,zx80user
1635,bombadil
1636,RickMuller
1637,monniaux
1638,maelstrom
1639,matias
1640,Slimer
1641,mnot
1642,riggwelter
1643,conrad
1644,danpat
1645,menesis
1646,PureFiction
1647,nils
1648,egad
1649,leio
1650,slef
1651,quad
1652,proski
1653,gregorrothfuss
1654,rotty
1655,jbs
1656,linn
1657,clubfan
1658,kimusan
1659,mstone
1660,taral
1661,Rockwalrus
1662,alejandro
1663,plundis
1664,earthmkii
1665,ramoth4
1666,leto
1667,electron
1668,dak
1669,dmullen
1670,ambient
1671,Malx
1672,Carrok
1673,piman
1674,cgushue
1675,eskimoses
1676,Lordy
1677,Donwulff
1678,Milambar
1679,Mysidia
1680,jivera
1681,lanz
1682,davidm
1683,spade
1684,dido
1685,ottawaDave
1686,Dunc
1687,star
1688,hugh
1689,cech
1690,marcel
1691,cas
1692,ajk
1693,rcw
1694,woot
1695,ljb
1696,edward
1697,gibreel
1698,cmr
1699,wurtel
1700,lorrycao
1701,phlip
1702,ReadMe
1703,mattbradshaw
1704,Sunir
1705,thomppj
1706,Titivillus
1707,lkehresman
1708,gpadgham
1709,rlougher
1710,twisti
1711,mjw
1712,michi
1713,sirtheoden
1714,just
1715,MindFreak
1716,Perrier
1717,RobFlynn
1718,kitsune
1719,orph
1720,phil
1721,camk
1722,aceponkus
1723,fielding
1724,sviens
1725,kwung
1726,slowhog
1727,chexum
1728,data
1729,grepninja
1730,mcelrath
1731,micahjd
1732,davidtrowbridge
1733,lurgyman
1734,diablod3
1735,cdwiegand
1736,tubi
1737,2B
1738,nyh
1739,Xantia
1740,gby
1741,sun
1742,roozbeh
1743,kilmo
1744,frogfoot
1745,Toastie
1746,kzin
1747,epsalon
1748,booch
1749,stevex
1750,sdt
1751,Kalana
1752,lauris
1753,tml
1754,ettore
1755,gav
1756,bbrox
1757,bwh
1758,deuxpi
1759,fatjim
1760,Hoekstra
1761,philhunt
1762,judell
1763,davidjclark
1764,shapr
1765,jae
1766,gward
1767,karl
1768,Uche
1769,tseaver
1770,benh
1771,owens
1772,solovay
1773,trage
1774,pjcabrera
1775,pasky
1776,chorand
1777,sral
1778,wildweasel
1779,kwoo
1780,blm
1781,dtucker
1782,Monty
1783,jwboyer
1784,bagpuss
1785,Patrekur
1786,srn
1787,mvt
1788,physos
1789,isenguard
1790,mike
1791,steintr
1792,triona
1793,bruns
1794,trelane
1795,coywolf
1796,aslam
1797,akihabara
1798,duncanm
1799,quinlan
1800,glenn
1801,Dacta
1802,sushant1980
1803,dsf
1804,terop
1805,malcom
1806,vijay14
1807,dpavlin
1808,Nygard
1809,KlausWuestefeld
1810,vandango
1811,beret
1812,brg
1813,shd
1814,Szilva
1815,harvey
1816,maragato
1817,cturner
1818,bodo
1819,ksandstr
1820,mdanish
1821,rmj
1822,starsofexportsco
1823,Eitch
1824,wacky
1825,jeffalo
1826,scrottie
1827,bstpierre
1828,rob
1829,Bopon
1830,rcastro
1831,lsdrocha
1832,magsilva
1833,livio
1834,LenZ
1835,darkworm
1836,Stalker
1837,khk
1838,khemicals
1839,dto
1840,ricardo
1841,maubury
1842,KaiL
1843,mattsm
1844,almer
1845,ViGueTo
1846,grex
1847,sopwith
1848,dsevilla
1849,pau
1850,yaneti
1851,louie
1852,mpesenti
1853,stwn
1854,rojaro
1855,ladis
1856,ralf
1857,pkot
1858,minipanda
1859,Sorcerer13
1860,jdube
1861,edwin
1862,gelderen
1863,iang
1864,pw
1865,dyeske
1866,bloofar
1867,cokane
1868,messi
1869,pbor
1870,zwnj
1871,behnam
1872,neoneye
1873,brwill
1874,tcopeland
1875,stillflame
1876,gheet
1877,TheBonsai
1878,shooby
1879,jamver
1880,nooks
1881,robk
1882,cla
1883,Muad
1884,jonasg
1885,srbaker
1886,mskala
1887,gzp
1888,alessio
1889,purpleidea
1890,maniax
1891,drogata
1892,ajkroll
1893,fenrus
1894,mkp
1895,mpav
1896,athos10
1897,gremi
1898,dmarti
1899,binaryfoo
1900,phill
1901,overclocker
1902,joshk
1903,brettcar
1904,tbehrends
1905,zentric
1906,erikm
1907,Russ
1908,hch
1909,synctext
1910,zwane
1911,oec
1912,andreas
1913,prash
1914,paulr
1915,idcmp
1916,hovinen
1917,Jimbob
1918,Crimz
1919,eck
1920,prozac
1921,sengan
1922,no
1923,Coverfire
1924,ariel
1925,kettenis
1926,Jesus
1927,cael
1928,bratislav
1929,nickm
1930,freetype
1931,cmorgan
1932,tvgm
1933,Ng
1934,ataridatacenter
1935,neonzebra
1936,inri
1937,steph
1938,jtc
1939,claire
1940,jemfinch
1941,ShawnW
1942,shana
1943,alp
1944,pazu
1945,Dulcinea
1946,djweitzner
1947,poireau
1948,fab
1949,nicotavern
1950,ChipIA64
1951,freax
1952,bilboed
1953,caiqian
1954,pipeman
1955,kuzman
1956,sqlguru
1957,johnw
1958,Nafai77
1959,cdub
1960,linus
1961,gerv
1962,coredumb
1963,mattr
1964,Pizza
1965,skribe
1966,palm
1967,ghostgum
1968,sisob
1969,dfries
1970,spikboll
1971,MisterP
1972,szysz
1973,plasmaroo
1974,mitnick
1975,brondsem
1976,nobreak
1977,nikole
1978,skx
1979,swm
1980,cbj
1981,metaur
1982,lindsey
1983,viljo
1984,PaulWay
1985,palnatoke
1986,janneke
1987,ianclatworthy
1988,robertc
1989,chrismo
1990,jlb
1991,r4f
1992,dneighbors
1993,dcm
1994,jamest
1995,jmeskill
1996,dick
1997,snowfox
1998,keverets
1999,pa
2000,chrislea
2001,coram
2002,pjones
2003,jordan
2004,jum
2005,Mystic
2006,burnzie33
2007,rrp
2008,hunger
2009,plasticboy
2010,portnoy
2011,milchmini
2012,dryheave
2013,sangr
2014,sagi
2015,testing
2016,jmturner
2017,Norom
2018,wiggly
2019,johs
2020,richlowe
2021,pcburns
2022,seniorgoat
2023,pinktulip
2024,krystyn
2025,mill
2026,MagicT
2027,LuckyJim
2028,aarestad
2029,raaron
2030,johnca
2031,linas
2032,jhasler
2033,zoke
2034,Alleluia
2035,paan
2036,megastep
2037,Ikarus
2038,negishail
2039,stwman11
2040,jsebrech
2041,glada
2042,madscientist
2043,Redfist
2044,dewback
2045,domfox
2046,burnedsyn
2047,LukeFowler
2048,jarcha
2049,DanielV
2050,slaught
2051,denshi
2052,cottonmouth
2053,BlakeWatters
2054,paulbain
2055,jam
2056,koke
2057,mortis
2058,konst
2059,tron
2060,craig
2061,jochen
2062,FarcePest
2063,diablero
2064,anarch
2065,torqumada
2066,smog
2067,blah
2068,fork
2069,chaos
2070,debater
2071,loki
2072,LinuxNinja
2073,snippy
2074,YogSothoth
2075,aegis
2076,scc
2077,aeppert
2078,gbritton
2079,Jag
2080,pnasrat
2081,ianweller
2082,carlusmaximus
2083,Apeterson
2084,zanee
2085,bi
2086,lorenz
2087,ribozyme
2088,carroll
2089,dayta
2090,olive
2091,bruder
2092,lclaudio
2093,Chestal
2094,nomis
2095,love
2096,karlward
2097,lsheehan
2098,dje
2099,larry
2100,8088
2101,nether
2102,esap
2103,Slow
2104,cwinans
2105,Klass
2106,CaptainNemo
2107,janschrage
2108,besfred
2109,IsaacGolding
2110,mrb
2111,vogelap
2112,StEgo
2113,jotajota
2114,Dom2
2115,AgentX
2116,harringf
2117,angellom1
2118,umquam
2119,jssasongko
2120,mij
2121,NemMy
2122,digitalSurgeon
2123,jhw
2124,gvwilson
2125,company
2126,lmjohns3
2127,charon
2128,michaelemma
2129,mutek
2130,tampe
2131,rodsenra
2132,dunham
2133,skimbu
2134,trs80
2135,mtearle
2136,mrd
2137,xf
2138,mdeegan
2139,m
2140,lathiat
2141,daniels
2142,Alphax
2143,jeek
2144,fweiden
2145,Creslin
2146,grin
2147,jnewbigin
2148,fflewddur
2149,mathrick
2150,rjp
2151,samj
2152,wal
2153,invoke
2154,theo
2155,sralston
2156,skarg
2157,trance9
2158,gjritter
2159,davidc
2160,gojomo
2161,tadej
2162,ryuch
2163,darkdonno
2164,johnm
2165,amits
2166,eran
2167,hhhh
2168,mwest
2169,pulento
2170,al3x
2171,dwiner
2172,diskzero
2173,snorp
2174,pridkett
2175,masaz
2176,NightsTemper
2177,cyberleaf
2178,mattcampbell
2179,loveoss
2180,aradub16
2181,mmangino
2182,SyntaxPolice
2183,aireymouse
2184,trini
2185,jclement
2186,abrink
2187,opened
2188,ericp
2189,ischmidt
2190,ovek
2191,include
2192,speeder
2193,cortezcarlos
2194,biznas
2195,tagishandy
2196,davorg
2197,Abigail
2198,gbarr
2199,graham
2200,lucasgonze
2201,jesse
2202,DaGovna
2203,martinhipp
2204,samNMS
2205,thiagom
2206,radtke
2207,Roxo
2208,godoy
2209,maluco
2210,pp
2211,wannabe
2212,mtk
2213,clameter
2214,taj
2215,epx
2216,eckes
2217,jbj
2218,notting
2219,aristeu
2220,mgm
2221,db
2222,boto
2223,tahorg
2224,pzb
2225,dank
2226,mharris
2227,kov
2228,fbl
2229,felipewd
2230,gqueri
2231,laredo
2232,akpm
2233,anderson
2234,musb
2235,linuxata
2236,lezz
2237,biffhero
2238,puffin
2239,rvdm
2240,ahu
2241,fenix
2242,sonacsocietenatio
2243,grape
2244,ditd
2245,kholmes
2246,ndw
2247,mitch
2248,scottj
2249,austin
2250,kiko
2251,seb128
2252,garnacho
2253,aurium
2254,clarkbw
2255,kristian
2256,valessio
2257,jvic
2258,csv
2259,caio1982
2260,paolo
2261,brother
2262,aclark
2263,zed
2264,angels
2265,esteve
2266,fbriere
2267,uriel
2268,mips
2269,jolan
2270,panix
2271,rebecka
2272,Kenny
2273,mrbill
2274,garym
2275,jackshck
2276,mhanni
2277,mbanck
2278,mharo
2279,ojs
2280,amtos
2281,JuxtaPositionYou
2282,pencechp
2283,sTiCh0
2284,mang
2285,drheld
2286,ilgiz
2287,bzajac
2288,ktohk
2289,kkenn
2290,adam
2291,daw
2292,Nejucomo
2293,blanu
2294,letmein
2295,ardiri
2296,fatal
2297,prescience
2298,danbri
2299,pompeiisneaks
2300,bobman
2301,Teratoma
2302,pippin
2303,aj
2304,vidar
2305,jhubbard
2306,colin
2307,bruce
2308,holgate
2309,Darkman
2310,smunemo
2311,matantisi
2312,orabidoo
2313,joshuat
2314,aminorex
2315,nikke
2316,hukka
2317,id
2318,teknix
2319,nocturne
2320,xela
2321,jbert
2322,Philou
2323,cord
2324,Michael
2325,MarkF
2326,larva
2327,pulp
2328,zoot
2329,wetdog
2330,jrowan
2331,thomasd
2332,egnor
2333,alisdair
2334,psj
2335,aggieben
2336,lethalman
2337,LoRez
2338,bernie
2339,nandana
2340,oshani
2341,freakazoid
2342,jcs
2343,ericj
2344,martingaido
2345,nkeynes
2346,montana
2347,toshok
2348,uwog
2349,santana
2350,Mmarquee
2351,whir
2352,rmathew
2353,gnumuthu
2354,docwhat
2355,mechanix
2356,jht
2357,rread
2358,agentdero
2359,bingo
2360,argaldo
2361,jserv
2362,thalunil
2363,flawed
2364,merlinus
2365,JohnGalt
2366,garbeam
2367,fgb
2368,btdn
2369,julio199
2370,Lobster
2371,cheng
2372,Spooky
2373,peterw
2374,pabw
2375,brant
2376,z
2377,camber
2378,dnelson
2379,itTakesFocus
2380,gmenguez
2381,pal
2382,gustavog
2383,quarl
2384,klugegod
2385,vov2den
2386,vov1den
2387,twisted
2388,loam
2389,deft
2390,horus
2391,omarkhan
2392,chflags
2393,rewben
2394,jmauricio
2395,karkul
2396,Sandino
2397,mancha
2398,wiml
2399,rizen
2400,det
2401,bit
2402,rayl
2403,wconnell
2404,mkestner
2405,richieb
2406,stimuli
2407,doylep
2408,PaulJohnson
2409,kvance
2410,RogerBrowne
2411,gmc333
2412,larsu
2413,dbc
2414,jahnke
2415,cascardo
2416,douglaz
2417,Nietzsche
2418,pandemic
2419,jay
2420,davidr
2421,j5p7
2422,drodriguezlo
2423,avdyk
2424,Ringding
2425,xdguan
2426,warmenhoven
2427,chregu
2428,Roger
2429,digitect
2430,edrx
2431,brujah
2432,rmorrell
2433,hashpolitics
2434,svu
2435,timur
2436,simosx
2437,erwann
2438,pthierry
2439,nikodemus
2440,mattmcc
2441,coar
2442,listoya
2443,dax
2444,Meuh
2445,creis
2446,riverwind
2447,acid
2448,migus
2449,soda
2450,fcrozat
2451,chl
2452,jul
2453,dcs
2454,dwhite
2455,keichii
2456,darius
2457,billf
2458,mph
2459,jedgar
2460,bp
2461,jmock
2462,mikeycooper
2463,RyanPavlik
2464,msevior
2465,catonic
2466,gonzo
2467,twiun
2468,jibbler
2469,kiffer
2470,nuncanada
2471,dbr
2472,rsdio
2473,gadek
2474,saugart
2475,dog
2476,DjDanny
2477,insom
2478,mattb
2479,billy69
2480,deadchip
2481,jaime
2482,omega
2483,thaytan
2484,waffel
2485,phkhal
2486,Elleo
2487,pycage
2488,jrepp
2489,jon
2490,farrellj
2491,aksha
2492,evilwalrus
2493,manus
2494,rb
2495,jasonkb
2496,borja
2497,hylian
2498,kiwnix
2499,gcc
2500,holman
2501,aunty
2502,yuniarsetiawan
2503,chicane
2504,tterb
2505,jimray
2506,deven
2507,bvermeul
2508,boncey
2509,nicholasl
2510,njohnso
2511,jannone
2512,kirillov
2513,g3ars
2514,SRFurlong
2515,huge
2516,timball
2517,rince
2518,olg
2519,zifnab
2520,eviltofu
2521,wrowe
2522,prla
2523,rosen
2524,pkiforum
2525,vikasgp
2526,ddb
2527,fozbaca
2528,rafeco
2529,harrisj
2530,kcr
2531,mugoi
2532,ultos
2533,ricmarques
2534,malone
2535,gregf
2536,carol
2537,domi
2538,zw
2539,kevindumpscore
2540,ivo
2541,Gerk
2542,ondrej
2543,kijiki
2544,KirkWylie
2545,bswhb
2546,marek
2547,k2pts
2548,davb
2549,vkurup
2550,ldodds
2551,vektor
2552,BenDover
2553,LGaby
2554,SpottyDog
2555,SorrowD
2556,jborg
2557,JKaranka
2558,jjmerelo
2559,lance
2560,gregk433
2561,sterwill
2562,hilaire
2563,lolo
2564,snickell
2565,jab
2566,tja
2567,chih34
2568,jbontje
2569,wrvh
2570,hexmode
2571,JB318
2572,jmcnamara
2573,gregor
2574,hv
2575,adrianh
2576,Purdy
2577,GrahamAsher
2578,helcio
2579,BlackSkorpio
2580,miko
2581,shiflett
2582,DrBobguy
2583,nedko
2584,kfoltman
2585,drobilla
2586,jr
2587,dr
2588,jkdufair
2589,alain
2590,ara0d3nt16
2591,Stren03
2592,shack
2593,Ahzz
2594,andy
2595,woodhull
2596,troutman
2597,turnera
2598,vikasshah
2599,ani
2600,FORTYoz
2601,alriddoch
2602,Malkin
2603,zzorn
2604,pato
2605,Grimicus
2606,novalis
2607,tialaramex
2608,Nadir
2609,wjp
2610,kclayton
2611,bownie
2612,igor
2613,Netdancer2
2614,kanikus
2615,emk
2616,goran
2617,ChrisMecca
2618,boostmyego
2619,jorrit
2620,Cirruz
2621,feztbrus
2622,derick
2623,MichaelCox
2624,odin
2625,schubert
2626,greg
2627,ilkka
2628,jokhva
2629,bod
2630,kc
2631,Bodnar42
2632,ralfdog
2633,stary
2634,mibus
2635,riscgrl
2636,Wazm
2637,djw
2638,sdog
2639,spook
2640,Edgars
2641,jbeimler
2642,Quetzalcoatl
2643,joost
2644,jajo
2645,jakov
2646,pepper
2647,bartd
2648,cheasy
2649,trimtab
2650,karjala
2651,cmdrdata
2652,rgb
2653,aaronv
2654,misaka
2655,velco
2656,Arrow
2657,chalky
2658,obi
2659,oxygene
2660,jtraub
2661,hugocon
2662,thoran
2663,cloud
2664,laburu
2665,vpiff
2666,x
2667,antirez
2668,soto
2669,spreadlinux
2670,rweir
2671,wspace
2672,proclus
2673,bkode
2674,lispmeister
2675,schugo
2676,Anarchizt
2677,fixxxer
2678,jcv
2679,ayan
2680,slate
2681,che
2682,jrt
2683,maya
2684,isoBoy
2685,mk
2686,hanna
2687,adw
2688,ta0kira
2689,teknopup
2690,mostafadaneshvar
2691,lobo
2692,RomanK
2693,muthur
2694,ged
2695,matju
2696,gleep
2697,crandall
2698,Thor
2699,dkl
2700,Crutcher
2701,adrianogalano
2702,Zion
2703,rlevin
2704,deepfire
2705,ishmukler
2706,amnesia
2707,dberlin
2708,spstarr
2709,abryant
2710,nostalgiphile
2711,Geoffrey
2712,oleavr
2713,dave0
2714,jedix
2715,zacs
2716,judge
2717,kroeger
2718,moby
2719,kinetik
2720,randombit
2721,baerli
2722,fumanchi
2723,andrewm
2724,DarthEvangelusII
2725,Netdancer
2726,adraken
2727,deusx
2728,odaf
2729,qmacro
2730,zander
2731,magicninja
2732,extra
2733,rio
2734,baiju12
2735,tejinder
2736,awithers
2737,MCBORN
2738,gregt
2739,dopey
2740,joolean
2741,zotz
2742,mbucc
2743,stalens
2744,dark
2745,moray
2746,jbailey
2747,Netsnipe
2748,gopal
2749,cdlu
2750,ElectricElf
2751,csurchi
2752,infinity
2753,Schuyler
2754,mattl
2755,djbclark
2756,joshua
2757,nate
2758,cooly
2759,xose
2760,toledo
2761,rodo
2762,alo
2763,manifestvoid
2764,reinaldo
2765,apostle
2766,emptty
2767,RuddO
2768,davidl
2769,foner
2770,tibbetts
2771,marthag
2772,andreaskupries
2773,TarekEslim
2774,ebf
2775,chipig
2776,alessandro
2777,iDunno
2778,saintbrie
2779,carlospm
2780,fabiano
2781,lmvaz
2782,Liedra
2783,jstraw
2784,ironwood
2785,juancpaz
2786,leonardo
2787,mikehearn
2788,dpash
2789,Omnifarious
2790,softkid
2791,jahqueel
2792,Lolindrath
2793,dangermaus
2794,ronin
2795,byte
2796,sculptor
2797,ToJe
2798,elrond
2799,kju
2800,mlaster
2801,mje
2802,eenge
2803,nconway
2804,dvl
2805,bryanf
2806,karimlakhani
2807,alvherre
2808,gphat
2809,Pilot
2810,garfycx
2811,bcg
2812,yohanes
2813,cortesi
2814,sankarshan
2815,sioakaos
2816,daphage
2817,colleyville
2818,mborella
2819,sjmurdoch
2820,pjc51
2821,filemon
2822,punkytse
2823,okcrum
2824,acoliver
2825,Hunter2
2826,cd4046
2827,Shrink
2828,igspectre
2829,Dominic
2830,mige
2831,markpasc
2832,rcaden
2833,gohmdoree
2834,tpot
2835,bart
2836,mcr
2837,Carlos
2838,LinuxBitch
2839,Zell
2840,taec
2841,ths
2842,jermnelson
2843,joke
2844,hawtink
2845,slive
2846,shouhanbou
2847,ib
2848,andyv
2849,johnny
2850,NukeGeek
2851,juhtolv
2852,tjl
2853,opk
2854,gcw
2855,cras
2856,dreamind
2857,gluscap
2858,8bit
2859,image
2860,mvo
2861,Rich
2862,spadkins
2863,bcm
2864,jpl
2865,aeden
2866,atech
2867,premus
2868,Borzy
2869,nemo
2870,Dzifa
2871,Scizo
2872,lux
2873,enienigma
2874,ziggy
2875,joedecker
2876,scottyo
2877,cipher
2878,iGN
2879,duncan
2880,jerdfelt
2881,pergj
2882,Nome
2883,jonkare
2884,tca
2885,jct
2886,dreier
2887,pere
2888,bitstream
2889,collord
2890,fjf
2891,bigdisk
2892,ffxz
2893,NZheretic
2894,pghowlett
2895,ZachGarner
2896,agh
2897,mico
2898,fscked
2899,zahod
2900,panthar
2901,Zezinho
2902,jgb
2903,gerardo
2904,syvic
2905,tanis
2906,afernandes
2907,mooch
2908,Camille
2909,Jujo
2910,skymix
2911,lgs
2912,tacvbo
2913,jemarch
2914,ceri
2915,operon
2916,rwxrwxrwx
2917,jeremiahrogers
2918,benji
2919,jpetersen
2920,Bklyn
2921,janerik
2922,marius
2923,trackman
2924,SolidCore
2925,kazen
2926,andre
2927,mikeB
2928,pschoenb
2929,etoffi
2930,cadrian
2931,kwd
2932,joearm
2933,squish
2934,groom
2935,nealmcb
2936,b
2937,carton
2938,gobry
2939,habes
2940,ken
2941,pate
2942,shillo
2943,seph
2944,yandros
2945,stephane
2946,Apuleius
2947,Santiago
2948,cwryu
2949,bhyde
2950,roblimo
2951,aris
2952,mjl
2953,tapir
2954,ghod
2955,bmb
2956,tolonuga
2957,cedars
2958,Sanjay
2959,paolino
2960,animesh
2961,evo
2962,baux
2963,freeworld
2964,watete
2965,xsdg
2966,zdt
2967,erAck
2968,Samoied
2969,hereticmessiah
2970,returnoftheredi
2971,witten
2972,munizao
2973,soni
2974,xan
2975,funrecords
2976,jdhildeb
2977,sl0th
2978,aragunton26
2979,blinker
2980,princetongal
2981,juanjo
2982,chunduri
2983,zxc555
2984,pvg
2985,jwise
2986,sacha
2987,nicnacs
2988,djmgnu
2989,ana
2990,ajmitch
2991,gavinb
2992,arma
2993,pjrm
2994,svanegmond
2995,jcarr
2996,dgatwood
2997,creed
2998,jeanpierre
2999,pogma
3000,sbwoodside
3001,lethal
3002,salimma
3003,kirby
3004,smurf
3005,sspitzer
3006,lordpixel
3007,smfr
3008,hwaara
3009,brane
3010,Xantus
3011,Keith
3012,France
3013,doa
3014,AsmodeusB
3015,slothrop
3016,patrick
3017,ayaz
3018,nusK
3019,wyrm
3020,mchang
3021,peroyvind
3022,pfignaux
3023,hin
3024,kaspanatola
3025,Barracuda
3026,payneinthe
3027,redowl
3028,cucumelo
3029,typezero
3030,mmannix
3031,mpawlo
3032,asleep
3033,darknode
3034,nigelk
3035,openface
3036,turing
3037,reenoo
3038,ara0bswft16
3039,plankers
3040,phliar
3041,aaronfaby
3042,Exal
3043,timtilion
3044,tdowney
3045,L2G
3046,zenspider
3047,pfgomez
3048,safarial
3049,MCArkan
3050,davidu
3051,blef
3052,Treenaks
3053,Fluor
3054,rvdmeent
3055,Tijs
3056,carlosferry
3057,jelly
3058,RaviSHankar
3059,JohnAllsup
3060,ace
3061,framirez
3062,ricmm
3063,jmcastagnetto
3064,joeysmith
3065,imajes
3066,shughes
3067,sniper
3068,mfischer
3069,phanto
3070,mjansen
3071,Imzadi
3072,hellow
3073,zeshin
3074,coldn
3075,edlang
3076,ejb
3077,foka
3078,edb
3079,djarb
3080,karabasan
3081,bje
3082,Silverwind
3083,gowlin
3084,ddent
3085,chuckd
3086,Cantanker
3087,Sarah
3088,ath
3089,ow3n
3090,ctd
3091,netzero
3092,shogsbro
3093,opalmer
3094,kerz
3095,freebot
3096,spelugx
3097,bsmith
3098,kmself
3099,bwoodard
3100,emad
3101,dtype
3102,ElCoronel
3103,jdc
3104,tack
3105,algaba
3106,LukeyBoy
3107,christo
3108,armbothism
3109,oliverchan
3110,PhreeZe
3111,stevebaker
3112,subpop
3113,Gavincheng
3114,HPCThunder
3115,rmt
3116,alfie
3117,xtifr
3118,Demonishi
3119,aldrin
3120,pap
3121,hiller
3122,sparky
3123,Mala
3124,bluefoxicy
3125,elduderino
3126,fgsch
3127,pmbas
3128,benad
3129,gp
3130,forman
3131,bmetzler
3132,hurstdog
3133,dword
3134,aralicio
3135,EricSandeen
3136,reschke
3137,mkc
3138,dug
3139,hallvar
3140,term
3141,HomeySmurf
3142,kolbi
3143,jrtorres
3144,rileywhite
3145,DanSmith
3146,cynick
3147,karld
3148,dbryson
3149,xandi
3150,rohitmalhotra
3151,metaman
3152,edw
3153,rcyeske
3154,Orc
3155,prodigy
3156,richard
3157,himitsuheiki
3158,LdyDestin
3159,hmacht
3160,thoenig
3161,dkukawka
3162,eivindj
3163,Periflage
3164,Henry
3165,jbuennagel
3166,Kipper989
3167,djradon
3168,redcap
3169,netstar
3170,dexter
3171,vladimir
3172,needo
3173,rawb
3174,raptor
3175,strath
3176,bdodson
3177,CEmery
3178,gabe
3179,maw
3180,kz
3181,jlouis
3182,Aurel42
3183,beaneater
3184,rmorgan
3185,lfilipoz
3186,storm
3187,benson
3188,Gnrfan
3189,beldon
3190,mbaker
3191,karlheg
3192,thoric
3193,theller
3194,beland
3195,Netalix
3196,russell
3197,tholo
3198,arjan
3199,oddiofile
3200,Hobart
3201,a3n
3202,ModernRonin
3203,sterling
3204,kaeru
3205,larsrc
3206,pelaja
3207,krokodil
3208,coriordan
3209,jsogo
3210,erconde
3211,era
3212,pixelbeat
3213,tlewis
3214,notjames
3215,thallgren
3216,nib
3217,LSchiere
3218,meijerink
3219,mjbrown
3220,mock
3221,fagrspf
3222,supanee
3223,leo
3224,jamey
3225,webgurru
3226,phpgurru
3227,masood
3228,dbenbenn
3229,happybob
3230,JohnP
3231,Micksa
3232,vipw
3233,manero
3234,alexh
3235,kagedal
3236,brlewis
3237,mole
3238,rodarvus
3239,XFire
3240,thindil
3241,creinig
3242,ha
3243,okaratas
3244,markush
3245,doviende
3246,bobuk
3247,sentinel
3248,mjt
3249,kodefu
3250,ajaxx
3251,gwachob
3252,LADYROME2002
3253,tapanjyotib
3254,chriscog
3255,jenni
3256,glasseyes
3257,MAK
3258,pesco
3259,RpgFan
3260,jht001
3261,ghaz
3262,mixter
3263,benjim
3264,andrewes
3265,kesor
3266,yizhe
3267,sphair
3268,yoann
3269,walker
3270,qslack
3271,Justinfinity
3272,livewire
3273,QuoteMstr
3274,tladuca
3275,link
3276,alastair
3277,rash
3278,cduhn
3279,n9mtb
3280,nelsonminar
3281,NickK
3282,abo
3283,Erik
3284,rsc
3285,SuperBinky
3286,wrffr
3287,dolphy
3288,cguenther
3289,shkoo
3290,epic
3291,baptista
3292,netrap
3293,wkearney99
3294,step
3295,rcassin
3296,tef
3297,gorlitsky
3298,jalvarez
3299,scorp2
3300,sorokano
3301,anabanana19
3302,wishan
3303,snim2
3304,sweeks
3305,kahuna
3306,dannys42
3307,snotty
3308,dap24
3309,Ant
3310,andycu
3311,cgillot
3312,fog
3313,varjag
3314,msi
3315,andrewmuck
3316,leonbrooks
3317,DavidEmrich
3318,grant
3319,kyrka
3320,mathsfan
3321,krivilli
3322,Yashy
3323,tgall
3324,Builder
3325,entropy
3326,karmyshev
3327,jas
3328,jboy55
3329,clock
3330,Form
3331,capo
3332,anuradha
3333,jose
3334,delta
3335,tmartin
3336,jrennie
3337,dhagan
3338,parags
3339,carbon
3340,kisielk
3341,gotem
3342,drivers
3343,rkinder
3344,Tabernarius
3345,asaddi
3346,warner
3347,tpi
3348,careilly
3349,bos
3350,Duderino
3351,puneet
3352,nothing
3353,mawa
3354,r2d2
3355,ovo
3356,h4
3357,brianbarber
3358,bhanu29004
3359,Asparagirl
3360,svaksha
3361,Gilbou
3362,nagappan
3363,andym
3364,serlim
3365,forgotPassword
3366,alcaron
3367,thayer
3368,holstenson
3369,shu
3370,reverendh
3371,mark
3372,saint
3373,kewlar
3374,jmarino
3375,Cynic
3376,nomadamon
3377,abo2
3378,vtamara
3379,sohodojo
3380,af
3381,FourG
3382,vii
3383,pvaneynd
3384,grisha
3385,steveh
3386,shields
3387,Fatz
3388,rjain
3389,Pitr
3390,IanBruntlett
3391,oztourer
3392,danpost
3393,playmobil
3394,japj
3395,bugg
3396,perlamer
3397,acidx
3398,jstanton
3399,Manesse
3400,libGTK
3401,technomancer
3402,sits
3403,bjgm
3404,arik
3405,earl
3406,BrandonTallent
3407,tdxdave
3408,Barbicane
3409,jlipton
3410,tmilford
3411,error27
3412,Hunter
3413,arrowood
3414,xanth
3415,rasjani
3416,cmuller
3417,pij
3418,psychogenic
3419,tdb
3420,kck
3421,rkarl
3422,edp
3423,pabs3
3424,mitr
3425,dsnopek
3426,mterry
3427,CharlesGoodwin
3428,ffrederick
3429,huagang
3430,mr
3431,badger
3432,whaletales
3433,burner
3434,TheMuso
3435,kabads
3436,teknofile
3437,ctrlsoft
3438,ly
3439,TazForEver
3440,regisfg
3441,synap
3442,ashtong
3443,jarashi
3444,sebol
3445,Aquila
3446,amd
3447,malk0
3448,knipknap
3449,Ohayou
3450,linuxchaos
3451,stamer
3452,pravin
3453,pjames
3454,acs
3455,dleary
3456,saikrishnabvs
3457,komal
3458,FrankP
3459,dront
3460,ajf
3461,fabiofb
3462,phonomongrel
3463,croy
3464,zztzed
3465,MenTaLguY
3466,apg
3467,theGREENzebra
3468,rnsanchez
3469,cromis
3470,kjpires
3471,descala
3472,kaustubh
3473,dsueiro
3474,grib
3475,mhatta
3476,dotSphinx
3477,fabrice
3478,kskuhlman
3479,janfrode
3480,gorny
3481,anholt
3482,elliot
3483,SyOpReigm
3484,vivanovic
3485,mct
3486,senthilkumar
3487,sja
3488,wavy
3489,sstrickl
3490,Tv
3491,clever
3492,Bres
3493,thitu
3494,vila
3495,MikLernout
3496,kdebisschop
3497,vanicat
3498,hinius
3499,freshfruitco
3500,kickaha
3501,CanisLupus
3502,tmonk42
3503,alinden
3504,bbense
3505,Number4
3506,fuzzyping
3507,nicku
3508,codedbliss
3509,hiddenpower
3510,ggoebel
3511,nospamplease
3512,nospampleaser
3513,rbhalotia
3514,ltaesch
3515,bengan
3516,feldspar
3517,arascofield16
3518,osullivj
3519,loadquo
3520,psychopenguin
3521,freshgroundpepp
3522,acassis
3523,ag
3524,JasonFilby
3525,JesseR
3526,jredburn
3527,RCMD
3528,saqib
3529,frogface
3530,quentinsf
3531,ecarlesi
3532,KateMalkovich
3533,npsimons
3534,matthias
3535,rdnckkng78
3536,mikem
3537,noda
3538,rjc
3539,brighteye
3540,broonie
3541,remi
3542,cpbs
3543,bas
3544,amck
3545,nuked
3546,benc
3547,djahandarie
3548,ker
3549,icefire
3550,mitd
3551,nadeem2k5
3552,joem
3553,richie123
3554,jasonc
3555,paulv
3556,vazio
3557,sjhill
3558,mitsue
3559,arturogf
3560,mazurek
3561,WinterLight
3562,devine
3563,jakd
3564,tav
3565,tjansen
3566,szegedia
3567,rajeevs
3568,edson
3569,Banana
3570,colbell
3571,slogan
3572,btenison
3573,martinicus
3574,longhunt
3575,abstrakt
3576,LordChaos
3577,presroi
3578,Aardvark
3579,Ax0n
3580,loopback
3581,vercingetorix
3582,dbarth
3583,Rajiv
3584,yaubi
3585,risacher
3586,davidfv
3587,jsisam
3588,jdelacueva
3589,mkrus
3590,nowonder
3591,nas
3592,vipulmathur
3593,lobbin
3594,tmiket
3595,pabas
3596,pabos
3597,whump
3598,Platypus
3599,AGL
3600,icepick
3601,mojotoad
3602,santtu
3603,bergie
3604,medio
3605,caelyx
3606,waterbiscuit
3607,rares
3608,johnb
3609,savs
3610,Damian
3611,youngsd
3612,freequi
3613,aidan
3614,DragonFaX
3615,perky
3616,shakthimaan
3617,anandbabu
3618,wa1er
3619,rainer
3620,chrislangreiter
3621,Pistos
3622,manveru
3623,zordor
3624,carlosgc
3625,jmk
3626,alonsoac
3627,Ivee
3628,foster
3629,castagna
3630,danja
3631,pibizza
3632,selmux
3633,iso88956
3634,awu
3635,nkaiser
3636,aerry13
3637,jimdabell
3638,mw
3639,kwa
3640,NikDoof
3641,nsayer
3642,chris
3643,dannyboy
3644,bmilekic
3645,cortex
3646,stratus
3647,waycomm
3648,vadim
3649,cgruber
3650,danf
3651,alf
3652,trellis
3653,fezzik
3654,jeffcoat
3655,serlis
3656,wjlr
3657,dannygva
3658,jeorgen
3659,Schemer
3660,markjugg
3661,davegaramond
3662,trj
3663,jedigeek
3664,eru
3665,slartibartfast
3666,roffe
3667,murr
3668,trudelle
3669,dondy
3670,mattwest
3671,rlotz
3672,kernel
3673,cfusillo
3674,minorityreport
3675,michael383
3676,Ilyanep
3677,hisham
3678,rpl
3679,mathias
3680,Itsik
3681,tyoung
3682,bknotts
3683,dotom
3684,thraxil
3685,uwe
3686,wbb4
3687,metal
3688,akb
3689,ttroxell
3690,wsargent
3691,coke
3692,Piro
3693,sholly
3694,johnh6
3695,thenorthpole
3696,Diane
3697,skim
3698,jjmarin
3699,atporter
3700,Reboot
3701,nikai
3702,colinleroy
3703,mones
3704,gmcgarry
3705,lkundrak
3706,marevalo
3707,deepblue
3708,rifaiyah
3709,steelrose
3710,alexkoval
3711,Terri
3712,yaco
3713,vryl
3714,mparaz
3715,vasudevram
3716,exwired
3717,amithadke
3718,eglass1
3719,shownet
3720,bsdgabor
3721,infofarmer
3722,delphij
3723,Gruber
3724,wraith
3725,ewirt
3726,rjrodger
3727,Orion
3728,allenjs
3729,spacehunt
3730,jashley
3731,Aaaarti
3732,leroux
3733,cacharbe
3734,jrincayc
3735,Spyro
3736,Antoine
3737,chesky
3738,dazman
3739,yournamehere996
3740,dm
3741,roku
3742,remohammadi
3743,mikewarren
3744,skizz
3745,fault0
3746,risi
3747,krylan
3748,Verement
3749,sebas
3750,longint
3751,sw
3752,jackson
3753,danielsmw
3754,frito
3755,jet99
3756,jah
3757,borud
3758,psypete
3759,deego
3760,uzume
3761,BitchKapoor
3762,Krellan
3763,arnabdotorg
3764,Locave
3765,tero
3766,poombah
3767,chorizo
3768,stoddard
3769,Yugo0118
3770,rdp
3771,ARepty
3772,MarkAtwood
3773,aratyle06
3774,AustinBlues
3775,w4r
3776,andrewb
3777,eldeguzman
3778,lemoran
3779,jferguson
3780,fenrir
3781,gst
3782,wulfrano
3783,Denzuko
3784,alecf
3785,mlaier
3786,huntsman84
3787,mvakkalagadda
3788,jproulx
3789,RpJ
3790,teixi
3791,pnambic
3792,gek0
3793,arauzo
3794,mabaimportexport
3795,cce
3796,Noryungi
3797,presbrey
3798,thedward
3799,ylith
3800,jluke
3801,rhestilow
3802,ean
3803,meebey
3804,anandpur
3805,jefft
3806,trhall
3807,Alquimista
3808,kracker
3809,dizyn
3810,PostPaul
3811,JSjoholm
3812,Quique
3813,Mrleejohn
3814,danieldk
3815,tushti
3816,mattlesko
3817,fredf
3818,gsbgeek
3819,fox
3820,porfiry
3821,cableangel
3822,simba
3823,olm
3824,jedi
3825,tbradford
3826,jkl
3827,render
3828,slackfive
3829,object
3830,dolphin
3831,tklancer
3832,morte
3833,jetm
3834,dazk
3835,kernelrahl
3836,KrazyKiwi
3837,rangerrick
3838,chaoticset
3839,billgates
3840,CelestialWizard
3841,Snowie
3842,aizatto
3843,jeffebert
3844,seancarroll
3845,dikini
3846,pauly
3847,mlw
3848,meni
3849,cfuentea
3850,rae
3851,benoit
3852,oubipaws
3853,sdrees
3854,Krelin
3855,aWaterman
3856,billjee
3857,liberador
3858,adiffer
3859,sgore
3860,mcgroarty
3861,StormCrow
3862,kyotone
3863,pete
3864,psdie
3865,hoatuka
3866,rasha
3867,robc
3868,kro
3869,feanor
3870,jpb
3871,freez
3872,jonsy
3873,ensc
3874,Vapour
3875,kuntown
3876,static
3877,varf
3878,mgonzalez
3879,donour
3880,smorar
3881,witness
3882,jmd
3883,wez
3884,Reampage
3885,paul
3886,Sam
3887,ximbico
3888,jaded
3889,fabien
3890,lukas
3891,hito
3892,frehberg
3893,poelzi
3894,wilmer
3895,jblack
3896,wvholst
3897,mvberkum
3898,ricki
3899,ndoreka
3900,bjornen
3901,knight
3902,grumbel
3903,ozabluda
3904,saju
3905,asierra
3906,kvaneesh
3907,bahner
3908,Dougster
3909,rkroll
3910,nobse
3911,shaneo
3912,cnb
3913,tmorgan
3914,sthippo
3915,cowboy
3916,brejc8
3917,oku
3918,xxv
3919,jasonhaislmaier
3920,uzadow
3921,echristo
3922,jevans1967
3923,dlweinreb
3924,obartunov
3925,stanshebs
3926,zagor
3927,balajirrao
3928,marcioandreyoliveira
3929,SabineMcNeill
3930,jpereira
3931,golbeck
3932,raz
3933,rcardenes
3934,redrobin
3935,samurai
3936,mozext
3937,kkennedy
3938,huiyuan
3939,MeMyself
3940,foo
3941,spiralx
3942,auntfloyd
3943,fdivbug
3944,arunkd13
3945,tite
3946,darkheavy
3947,dlecorfec
3948,ralph
3949,benjl
3950,kraant
3951,daltexembasco
3952,zoia
3953,olmir
3954,alexmerz
3955,rstacey
3956,avatar
3957,yrashk
3958,m0ck
3959,impulse
3960,gibber
3961,kanaka
3962,AlexBosworth
3963,white
3964,moodster
3965,truman
3966,robertdickenson
3967,b0at
3968,Demie
3969,icherevko
3970,eduardok
3971,tierra
3972,salman
3973,Francisco
3974,wolfrider
3975,dimi
3976,Clevinho
3977,FatDaemon
3978,RussGarrett
3979,phidauex
3980,andete
3981,wilkason
3982,rose
3983,martinez
3984,daverd
3985,anlprb
3986,jamuraa
3987,Abhas
3988,wikier
3989,smellyfish
3990,darek
3991,devnut
3992,airchild
3993,foozmeat
3994,jsheehy
3995,Wheelchairbum
3996,greydaphne
3997,robbie
3998,emre
3999,ghostbar
4000,apeiro
4001,modus
4002,revoquer
4003,allenchen
4004,mjcjunior
4005,satrac
4006,damo
4007,BeeWarlock
4008,codic
4009,sporq
4010,rcaelers
4011,salmo
4012,yangke
4013,taranga
4014,mussi
4015,matrix
4016,bkkx
4017,zhp
4018,nornCabor
4019,mesozoic
4020,jafo
4021,Namosui
4022,essallen
4023,xm
4024,is
4025,mfortier
4026,nwertman
4027,jbucata
4028,elho
4029,Lehrig
4030,ema
4031,solarion
4032,rzyjontko
4033,armin
4034,joaovianna
4035,guardian
4036,mrchrist
4037,geertjan
4038,naima
4039,sparkman
4040,psyK
4041,worker
4042,gekked
4043,JaxBriggs
4044,horton
4045,rock
4046,wolf2zero
4047,popovich
4048,purp
4049,toxickore
4050,imcsk8
4051,cheesecake
4052,rluta
4053,joaop
4054,orcmid
4055,anselm
4056,rajesh02
4057,captnmark
4058,FreeTinker
4059,allotrope
4060,mps
4061,aoreana
4062,rix
4063,pinto
4064,Fleedwood
4065,fusion94
4066,AndyCater
4067,bluets
4068,eukreign
4069,codetoad
4070,daiwalkr
4071,cilux
4072,Isomer
4073,crimson
4074,zero
4075,arafel
4076,gohigh
4077,jharper
4078,robby
4079,rael
4080,araumntl06
4081,peat
4082,madrid
4083,FreThnkr
4084,swngnmonk
4085,ivey
4086,gr3g
4087,WileECoyote
4088,shreeve
4089,thunder
4090,robweir
4091,mcroydon
4092,myelin
4093,kayra
4094,arb33
4095,mca
4096,leibnitz27
4097,hudson
4098,ftobin
4099,xsandro
4100,spuk
4101,buzco
4102,segfault
4103,ara0b36
4104,axehind
4105,rbp
4106,outlet
4107,noumena9
4108,qwertyboy
4109,caf
4110,GnuOwned
4111,patux
4112,distobj
4113,spetschu
4114,dennis
4115,giros
4116,sharp
4117,bpt
4118,tevaum
4119,sford
4120,nickshanks
4121,vuln
4122,adamd
4123,partain
4124,mculbertson
4125,flip
4126,bbh
4127,dmitri
4128,dma
4129,andrelop
4130,ashams
4131,bdauvergne
4132,sah
4133,dlowe
4134,mahirsar
4135,bobanb
4136,cevans
4137,tader
4138,oktal
4139,Arrowhead
4140,Air
4141,pearlbear
4142,vt3
4143,gagzilla
4144,dougt
4145,waterson
4146,slamm
4147,kappa
4148,silva
4149,hobbs
4150,chrisb
4151,weinholt
4152,guaka
4153,phauly
4154,phaulyx
4155,jxe
4156,snkr
4157,jwdeep
4158,nletwory
4159,gw666
4160,limitln
4161,bgm
4162,Twylite
4163,albert
4164,dannu
4165,dinodrac
4166,johnrowan
4167,twistor
4168,MadHat
4169,nrf
4170,sgarrity
4171,fnegroni
4172,maxkir
4173,dko
4174,smw
4175,higb
4176,Tester
4177,bokane
4178,Zurk
4179,ari
4180,danielk
4181,morphex
4182,dwave
4183,geoffeg
4184,lhl
4185,eross
4186,jimwelch
4187,viwe
4188,penguin42
4189,nacho
4190,Rediscover
4191,james
4192,doozer
4193,sarum
4194,osama
4195,veltzer
4196,Smerb
4197,topquark
4198,arozell
4199,christafano
4200,informer
4201,bluelip
4202,methodMatthew
4203,sprite
4204,flgr
4205,kjw
4206,autrijus
4207,bignose
4208,achan
4209,rzafarani
4210,aargh
4211,jc
4212,dutky
4213,lior
4214,nriley
4215,julesh
4216,Dougiamas
4217,kishorebalakrishnan
4218,rufius
4219,gnewton
4220,syberghost
4221,gene9
4222,hackery
4223,dimuthu
4224,dsowen
4225,BoBB
4226,apollo11
4227,everaldo
4228,fike
4229,TomHornson
4230,Qef
4231,keanst
4232,araaraodgearas06
4233,Gimptek
4234,mau
4235,chipster
4236,lhorn
4237,gblock
4238,WindPlume
4239,chrisp
4240,Logu
4241,tmokros
4242,prenagha
4243,abingham
4244,shayboob
4245,vivek
4246,beens
4247,hasienda
4248,jmellen
4249,ahmedjado
4250,scald
4251,Gandhi
4252,yole
4253,zenda
4254,Neron
4255,kairo
4256,chrisbolt
4257,les2
4258,loge
4259,dgerstma
4260,kronenpj
4261,ghostrider
4262,madvogato
4263,macanudo
4264,ronnyg
4265,sync
4266,balise
4267,KC7591
4268,tgw
4269,ebrahim
4270,hazmat
4271,IOerror
4272,Sylvia
4273,wubby
4274,kjk
4275,mss
4276,Hans
4277,octane
4278,soohrt
4279,andyc
4280,imbe
4281,brainwithheart
4282,freyther
4283,mickeyl
4284,aesiamun
4285,jat
4286,xshao
4287,grupis
4288,caringi
4289,blather
4290,marnix
4291,norm
4292,phplev
4293,zecke
4294,cdcarter
4295,gluegadget
4296,rainbow
4297,johanlau
4298,hackfs
4299,mochel
4300,popeclayton
4301,visari
4302,ceteri
4303,karlb
4304,momo
4305,raboof
4306,1974
4307,n6708r
4308,mjands
4309,ozone
4310,vikashkodati
4311,gregheartsfield
4312,jstepien
4313,alexs
4314,varquiel
4315,samo
4316,mreinsch
4317,mrdek11
4318,brainsik
4319,jamoore
4320,inmean
4321,Zeta
4322,Jpeefer21
4323,kirjanov
4324,mattam
4325,anewsome
4326,nym
4327,prabhak
4328,kschrade
4329,fuzzie
4330,zephc
4331,apathy
4332,burkele
4333,thinq
4334,mannu
4335,flashjia
4336,Uranus
4337,bob
4338,twit
4339,kalle
4340,emil
4341,bucky
4342,Antonomasia
4343,gbroiles
4344,Safari
4345,emag
4346,mhamrick
4347,faisal
4348,hardcorebit
4349,yarbles
4350,wseltzer
4351,pecka
4352,itsme
4353,denisianum
4354,stark
4355,doggla
4356,geoff
4357,nagya
4358,Wempo
4359,frozen
4360,Randakar
4361,gazook
4362,timbacon
4363,nat
4364,NickD
4365,lllmanulll
4366,wmat
4367,flort
4368,czw
4369,kelimek
4370,fridge
4371,weddy
4372,rorschach
4373,more
4374,boner
4375,sjourdois
4376,bwtaylor
4377,cribeiro
4378,icblenke
4379,sherm
4380,neugens
4381,secabeen
4382,racer
4383,jpm
4384,rakeshnagar
4385,Unfittable
4386,jelle
4387,lstep
4388,babar
4389,thecodekeeper
4390,smarceau
4391,oa
4392,Rasputin
4393,jmaes
4394,mbm
4395,L3ECH
4396,liquid
4397,ajg
4398,adiabatic
4399,winlineau
4400,zaher
4401,stephus
4402,tackat
4403,kandalf
4404,miro
4405,rednix
4406,seanod
4407,candice
4408,wxr
4409,frolic
4410,beraldo
4411,enerv
4412,ruoso
4413,henning
4414,rimboy
4415,aryeh
4416,savod
4417,neek
4418,openbsd
4419,Kailer
4420,hal
4421,jojo
4422,stoney
4423,cmeyer
4424,lee
4425,sturob
4426,lightholder
4427,gampid
4428,mjreilly
4429,muks
4430,PhilipHunt
4431,wildman
4432,cdjones
4433,praecx
4434,lercio
4435,hjthiess
4436,pphong99
4437,nelu2000
4438,rat02
4439,koNrads
4440,grok
4441,akf
4442,mattj
4443,werneck
4444,moibus
4445,gerry
4446,mbatsis
4447,firebright
4448,codex
4449,pschork
4450,dnedelko
4451,bignose2003
4452,rc
4453,bradm
4454,satriani
4455,roboros
4456,omar
4457,Soren
4458,rgregory
4459,deviana
4460,betasam
4461,bukys
4462,virutass
4463,Eowin
4464,dabeej
4465,desrt
4466,monkeyboy121
4467,FreeHermit
4468,nayaniabhishek
4469,TheBean
4470,wugger
4471,Lynggaard
4472,wilhelm
4473,nkirsch
4474,glaucius
4475,tss
4476,dhruva
4477,gautamg
4478,yavo
4479,trejkaz
4480,berkus
4481,phillupbanks
4482,voland
4483,latent
4484,DANlEL
4485,hacracker
4486,jbarroso
4487,pedroas
4488,ajc
4489,aaronmalone
4490,cynicz
4491,pobk
4492,AsHeS
4493,gnudist
4494,gjb
4495,RyanHeise
4496,andrewgilmartin
4497,sindian
4498,frcecin
4499,grahagre
4500,yang
4501,mhoemmen
4502,yoper
4503,gene99
4504,lotia
4505,solitaire
4506,vworld
4507,TiMax
4508,mlemos
4509,cesar
4510,pvalchev
4511,isamar
4512,guidob
4513,accdias
4514,quentin
4515,live
4516,thrx
4517,flavio
4518,manojkabre
4519,mark85
4520,adp
4521,Grey3
4522,jscheinblum
4523,corran
4524,jsinger
4525,billgr
4526,TexArcana
4527,ReDragon
4528,Prakash
4529,chergib7
4530,joansf
4531,dsainty
4532,Uberdog
4533,pknodle
4534,chau123
4535,broman
4536,haroldhunt
4537,phooky
4538,Napoleon
4539,LeeJay
4540,deryni
4541,faceprint
4542,joel
4543,rkr
4544,jwoolley
4545,toddboyle
4546,gognoos
4547,cAVEman
4548,carpedata
4549,conio
4550,yusuf
4551,Tobias
4552,wren
4553,miknight
4554,jelwell
4555,Katja
4556,Albrecht
4557,Sadi
4558,sgala
4559,LLS924
4560,haleycorporation
4561,ehliar
4562,zhuzhu
4563,infinite
4564,madduck
4565,kalvinet
4566,lorenzohgh
4567,ygh
4568,valis
4569,sd
4570,rdw
4571,cjsnell
4572,YardCow
4573,McLone
4574,trdknight
4575,loudici
4576,wul
4577,scoop
4578,tcurtis
4579,sxpert
4580,nlevitt
4581,sigurd
4582,drfred
4583,max232
4584,pty
4585,shepard
4586,romancillo
4587,maulani
4588,kevlo
4589,rmayorga
4590,dgadelha
4591,okhlandman
4592,evertonsm
4593,larsk
4594,jds
4595,rsp
4596,rsharpe
4597,mglauche
4598,kjetilk
4599,sehe
4600,jbaker
4601,the9ull
4602,cliffhall
4603,moschel
4604,nikolay
4605,vedge
4606,Khen1950fx
4607,ScriptDevil
4608,juhp
4609,ssp
4610,dpb
4611,kennyluck
4612,audriusa
4613,gesslein
4614,zophyx
4615,jdl
4616,darsal
4617,rx
4618,nile
4619,markhy
4620,exxos
4621,Egg
4622,aturner
4623,mitchb321
4624,Lothar
4625,jaco
4626,donky
4627,pugfantus
4628,dewdrops
4629,itodd
4630,eibner
4631,911turbo
4632,squinky
4633,sporty
4634,jlm30
4635,manik
4636,wayne
4637,bushing
4638,mgsloan
4639,hugo
4640,nm
4641,joern
4642,jaswinder
4643,luisfelipe
4644,vruz
4645,aredridel
4646,berthu
4647,iagorubio
4648,oneiros
4649,katim
4650,tansaku
4651,madcat
4652,vpatryshev
4653,gburnett
4654,caseyg
4655,ims
4656,simeon
4657,aether
4658,edges
4659,daouda
4660,scottg
4661,eldamitri
4662,plevy
4663,lbell
4664,daver
4665,adwyer
4666,caruzo
4667,mikal
4668,masilva
4669,nix
4670,bradrussel
4671,jdike
4672,pa1et
4673,dynamis
4674,damayeremi
4675,pjc50
4676,pwlfong
4677,up2date
4678,csa
4679,Strike
4680,lololix
4681,pelcastre
4682,exvita
4683,feyd
4684,adaoraul
4685,wallace
4686,Nurf
4687,RJ11
4688,TheGiver
4689,dej
4690,netnut
4691,Dauphin
4692,sauron
4693,mkraemer
4694,fanf
4695,eieio
4696,indiox
4697,cavok
4698,liam
4699,anudin
4700,lev
4701,kelley
4702,phpbitch
4703,elmarco
4704,tristan
4705,Sandesh
4706,MaciDoido
4707,neilt
4708,drjekyll
4709,nhoizey
4710,aniruddha
4711,amberpalekar
4712,justinjs
4713,cos
4714,vinylrecord
4715,dvdeug
4716,kain
4717,jasperla
4718,otto
4719,RichCoder
4720,amigadave
4721,shevek
4722,redsquirrel
4723,kylegordon
4724,rayking71
4725,arafleming26
4726,Rippit
4727,abelrg
4728,clint
4729,theTsar
4730,jmonteiro
4731,ThiagoHarry
4732,rkoleff
4733,crocker
4734,forester
4735,polli
4736,hanksdc
4737,sgithens
4738,mathgenius
4739,usmile1
4740,kjwoo
4741,orique
4742,jgw
4743,helmut
4744,obiltschnig
4745,tonyyarusso
4746,ciphergoth
4747,bluelizard95
4748,her
4749,timezero
4750,deanjx
4751,ubiquitin
4752,mordormx
4753,fmar
4754,yyu08
4755,egerbier
4756,Vany05
4757,pm
4758,danieI
4759,vinn
4760,Poole
4761,ferengi
4762,yanalisa
4763,jaques
4764,trout
4765,javiers
4766,hantulab
4767,kpyle
4768,jukal
4769,zakihassan
4770,riq
4771,vgedris
4772,Excalibor
4773,lwillis
4774,marcwolf
4775,hqm
4776,mrbrown
4777,steve
4778,LosHawlos
4779,schlumpf
4780,Sanaya
4781,buffy
4782,willow
4783,joecamel
4784,hniss
4785,pistoschristou
4786,aerickson
4787,ambx1
4788,entireboy
4789,mrasydan
4790,EmpireDream
4791,jwilson
4792,tflynn
4793,satyap
4794,angcui
4795,lyb
4796,jgbillings
4797,yusufg
4798,makki
4799,nixx
4800,haip
4801,jpritikin
4802,djinn
4803,dchirita
4804,soroq
4805,eliab
4806,reuven
4807,jcolinzheng
4808,Philipp
4809,vern
4810,Glanz
4811,execve
4812,gibus
4813,kangoo
4814,grimm
4815,badxboy
4816,rpelcastre
4817,spybreak
4818,huffduff
4819,24ktchocolate
4820,Urs
4821,jamieo
4822,Childe
4823,FlessYillf
4824,dragotown
4825,Frums
4826,haggen
4827,geofflane
4828,macsen
4829,hns
4830,ahsan
4831,lovetodisha
4832,drariel
4833,sanyaade
4834,oktaya
4835,danilo
4836,drivera
4837,copsewood
4838,jansegers
4839,naveen
4840,logart
4841,mpichew
4842,mjc
4843,agroteckmoder
4844,jeffzo
4845,myers
4846,zack
4847,eddie
4848,del
4849,786
4850,sjbrown
4851,yam
4852,raju
4853,sandwichmaker
4854,mander
4855,steveoc
4856,adb
4857,thalakan
4858,apply
4859,udim
4860,TonySidaway
4861,ADDSATAN
4862,veblen
4863,kennyt
4864,trieder
4865,dmuz
4866,nion
4867,rss
4868,bryam
4869,vinsci
4870,omrimaster
4871,rbagchi
4872,bjc
4873,jkinsella
4874,sommere
4875,blackamon
4876,Eli
4877,mukul
4878,juran
4879,milkman
4880,shifter
4881,guerby
4882,roundeye
4883,sublum
4884,dmm
4885,flatcap
4886,imarsman
4887,hachi
4888,Daagaak
4889,juanpri
4890,gnu
4891,chadfowler
4892,bjr
4893,postwait
4894,mathie
4895,jmbesnard
4896,booyaka
4897,zenalot
4898,jsn
4899,irbis
4900,kcbark
4901,lidl
4902,mbacarella
4903,airlied
4904,mdub
4905,joe566
4906,kasan
4907,wilane
4908,zefnd
4909,shrooti
4910,ddhulla
4911,bescoto
4912,papineau
4913,takis
4914,joshferraro
4915,larspind
4916,chrishowells
4917,xor
4918,echeslack
4919,jgrahamc
4920,opum
4921,trygvis
4922,GregoryBrown
4923,Hossein
4924,efraim
4925,wastrel
4926,rjo
4927,coolvibe
4928,lola2
4929,lola
4930,chickenass
4931,Josiah
4932,giraffe949
4933,Juln
4934,paddbear
4935,fbomb
4936,mrbacon
4937,cbm
4938,uesugi
4939,motb
4940,kang
4941,TheRAt
4942,millis
4943,brad
4944,drasko
4945,madddog
4946,fstanchina
4947,dcormier
4948,ricky
4949,reedstrm
4950,perlpimp
4951,laymusic
4952,bdelacretaz
4953,ike
4954,squrl
4955,anikula
4956,hscholz
4957,drgalaxy
4958,medined
4959,mattmcp
4960,gozer
4961,skeeter
4962,ld
4963,dglo
4964,fboya
4965,mbj
4966,ElMoro
4967,ReCoN
4968,yoavw
4969,FyreMoon
4970,bigbuba
4971,johnjones
4972,ar
4973,fbarros
4974,Suvarov454
4975,ebzzry
4976,premchai21
4977,Elvis
4978,heri0n
4979,rahrenstorff
4980,mlinksva
4981,loosifer
4982,eikfaise
4983,draco
4984,tthomas48
4985,liammcfarland
4986,synergenesis
4987,rederpj
4988,Sharath
4989,pacotron
4990,tzt
4991,numist
4992,cbricart
4993,rmyers
4994,tydel
4995,evargas
4996,mcbridematt
4997,dixon
4998,finn
4999,twleung
5000,toto
5001,Incognegro
5002,evans
5003,macmarcel
5004,burghardt
5005,GabrielSaldana
5006,bataforexport
5007,olecom
5008,mbarkhau
5009,amatus
5010,philiph
5011,pengjiayou
5012,Jasper1984
5013,wtanaka
5014,jbrefort
5015,peliom
5016,netawater
5017,alvinj
5018,mpolla
5019,descubes
5020,RalphJohnson
5021,zon
5022,rajeev
5023,xriso
5024,rcade
5025,aDarkling
5026,Echelon
5027,SeaDragons
5028,das
5029,Marooned
5030,tresoldi
5031,kir
5032,scarroll
5033,SahajMaituna
5034,gek
5035,mathcome
5036,jw
5037,Anarchy
5038,david
5039,foolswisdom
5040,justice
5041,liuqiuzhen
5042,yuedongd
5043,jtangney
5044,me2advogato
5045,iscxb
5046,talkngtn
5047,seachina
5048,cormac
5049,AntiMatter
5050,noahbentusi
5051,LukeCrawford
5052,kr
5053,dpk
5054,merriam
5055,jsled
5056,halcyon
5057,joshb
5058,jorgearcas
5059,voldure
5060,feik
5061,maxx
5062,wald
5063,zer0
5064,rama
5065,elf
5066,dotop
5067,owl
5068,pstav
5069,jfreak
5070,abi
5071,qiliu
5072,desrod
5073,pauldoo
5074,wahlau
5075,tvachon
5076,SamHill
5077,Mneme
5078,wgayton
5079,rookie
5080,boodle
5081,Foxwolfen
5082,NoBoDy
5083,Requinix
5084,arafaraost56
5085,Bleep
5086,jsloderbeck
5087,jedinite
5088,Persiflage
5089,rhyre
5090,mindcrime
5091,arm
5092,rik
5093,stakos
5094,squid
5095,jonsmirl
5096,chase
5097,ovg
5098,theno23
5099,jbparker
5100,opx
5101,andyh
5102,mag
5103,DerekRader
5104,citygirl16
5105,jcdlondon
5106,Denor
5107,Affero
5108,garron
5109,tom
5110,inherit
5111,yugami
5112,rgammans
5113,VZ
5114,jaacole
5115,wwp
5116,angch
5117,viper
5118,Bostjan
5119,kessell
5120,nashif
5121,twcook
5122,dinhthuy
5123,sgf
5124,scryer
5125,jschurger
5126,Ornicar
5127,FearL0rd
5128,basta
5129,disfalling
5130,KiddieGrinder
5131,xrays
5132,adl
5133,jcohen
5134,ddkilzer
5135,frog51
5136,xshadow
5137,goblin
5138,keck
5139,Sjoholm
5140,runen1971
5141,Tottigol
5142,jedd
5143,lynx
5144,ish
5145,surrationals
5146,Yoshi
5147,K2
5148,bgreat
5149,lovage
5150,shrub
5151,piyushsag
5152,dbuttric
5153,Malevolyn
5154,Bongfish
5155,tsauter
5156,sts
5157,dbartold
5158,doobee
5159,Peetrap
5160,bogon
5161,alexborges
5162,kazkylheku
5163,tglx
5164,gustavos
5165,cenobyte
5166,drivelSpigot
5167,RiscTaker
5168,morance
5169,gnuandrew
5170,burito
5171,shaj
5172,b69
5173,tinus
5174,benoitdm
5175,schlouse
5176,Sawb
5177,shayne321
5178,Pottis
5179,freetux
5180,wb8tyw
5181,trbecker
5182,francisca
5183,self
5184,filslo
5185,Yosi
5186,soulhuntre
5187,3
5188,Steelhead
5189,truongvasi
5190,pgavin
5191,gears
5192,samfw
5193,osfameron
5194,Twilight1
5195,McDMaster
5196,ngps
5197,rahul
5198,ewsdk
5199,calennert
5200,swc
5201,jdum
5202,hgolden
5203,student
5204,byone
5205,axlnikon
5206,sedawkgrep
5207,AxelB
5208,nainauy
5209,johnd
5210,bulldog
5211,MyCustomWeb
5212,umanets
5213,Stiivi
5214,danielwang
5215,alin
5216,pmb
5217,hakan
5218,Lery
5219,ghutchis
5220,benjack
5221,BoonDock
5222,st1
5223,colleendecourcy
5224,asanchez
5225,vt
5226,iraw
5227,vineethm
5228,ora
5229,BenBun
5230,SooTy
5231,silver
5232,btv
5233,khashayar
5234,hyle
5235,fismith
5236,modred
5237,anhinga
5238,dams
5239,aduncan
5240,ru
5241,sakhi
5242,Graeme
5243,qta
5244,aratee76
5245,patricka
5246,adamdunkels
5247,dgarcia
5248,matthew
5249,mcjason
5250,TerrelShumway
5251,bhaskarOnline
5252,anser
5253,mazzabr
5254,aviram
5255,gregorb
5256,Bcorr
5257,mvevers
5258,maxsi
5259,Walter
5260,surav
5261,netfighter
5262,gambuzino
5263,jme
5264,rattus
5265,zeeman
5266,vincentvatter
5267,interiot
5268,cjoh
5269,atrn
5270,jlatour
5271,fbscarel
5272,osewa77
5273,dh
5274,jeff
5275,Erebus
5276,alisa
5277,draven
5278,zmin
5279,ptk
5280,schouw
5281,kelnos
5282,sofar
5283,Vinnl
5284,araeed156
5285,redhog
5286,spl
5287,sergio
5288,gch
5289,hornbeck
5290,hrishi
5291,grem
5292,davep
5293,toady
5294,brianisinfifthgrade
5295,muzammil
5296,jed
5297,ahiliation
5298,Avail
5299,amledin
5300,wordmonkey
5301,lusop
5302,bradyn
5303,dairiki
5304,cit
5305,tojabr
5306,tm2
5307,aeg
5308,immortal
5309,puzzled
5310,schweikert
5311,ypwong
5312,simonzhan
5313,srw
5314,StephanPeijnik
5315,chneukirchen
5316,rsync
5317,classen
5318,petree
5319,sutic
5320,kobra
5321,DaveMalcolm
5322,tomasf
5323,hussein
5324,steinn
5325,casey
5326,codebuster
5327,jure
5328,markos
5329,dscribner
5330,klaus
5331,mattice
5332,mauser
5333,JSeger
5334,suzi
5335,jackoms
5336,gokohnert
5337,SAMIRHARATY
5338,hal9000
5339,wyattearp
5340,reb
5341,gitm
5342,varelse
5343,adrianbye
5344,Curious
5345,frob
5346,cwilson
5347,scw
5348,cuteonly4u89
5349,Doobie
5350,LordShrill
5351,djung
5352,idallen
5353,ienna
5354,icewarriorlady
5355,risa
5356,pulsar
5357,creep
5358,negro
5359,moronis
5360,rmolina
5361,leuce
5362,HamishLawson
5363,markpratt
5364,ernani
5365,hildeb
5366,innerfire
5367,bigpaul
5368,toniw
5369,shwag
5370,rmach
5371,sonoffreak
5372,ianaverybryant
5373,straznp
5374,tom2
5375,kg6cvv
5376,rajasheker
5377,crulx
5378,tuxist
5379,criley
5380,laxdragon
5381,bbrock
5382,mskranz
5383,fedork
5384,rafiq
5385,StreetSlang
5386,robbat2
5387,liff
5388,jaseb
5389,Killerbees
5390,myc
5391,jmp
5392,DiamondChula25
5393,etc
5394,brycec
5395,mental
5396,Acolon
5397,SattVic2uShaoyin
5398,Kishore
5399,Jerub
5400,sirinath
5401,buba
5402,koyo
5403,JesseBlue
5404,zecke2
5405,Linegod
5406,timbu
5407,schumaml
5408,moore
5409,DiegoDiaz
5410,jeyk
5411,ordinary
5412,demacintosh
5413,color
5414,m0rbid
5415,mornlee
5416,ted
5417,djcapelis
5418,aseigo
5419,grldshmkr
5420,aaaa
5421,jmr
5422,rat
5423,shrao
5424,msmarcal
5425,macypa
5426,Shizukesa
5427,Shaman
5428,sadam
5429,binbrain
5430,acoster
5431,syl
5432,drs
5433,major
5434,rogoyski
5435,RSevrinsky
5436,maverick
5437,bcc
5438,dln
5439,dmcc
5440,cstross
5441,bugbiter
5442,rengolin
5443,aldo
5444,BigNachos
5445,cowbutt
5446,mohamed
5447,omidmottaghi
5448,codehelp
5449,luk
5450,mwright
5451,far
5452,amberarcher
5453,muniery
5454,franciosi
5455,mario
5456,miconof
5457,itadmin
5458,arasole86
5459,victorw
5460,ricborn
5461,sychon
5462,gilbert
5463,cl135429
5464,Mac
5465,girishpundlik2005
5466,Rin
5467,guttu
5468,mattgerg
5469,robosha
5470,lyma
5471,joone
5472,gmoore
5473,Highlander
5474,frieseltine
5475,ara0d206
5476,andago
5477,nethescurial
5478,Jayniz
5479,whitinger
5480,phessler
5481,dent
5482,chuckw
5483,Whizziwig
5484,amit
5485,audioNate
5486,stevegt
5487,sydelko
5488,kennell
5489,Morendil
5490,CJA
5491,rvr
5492,LightArk
5493,aratype26
5494,konos
5495,nodata
5496,river
5497,cushman
5498,stevecassidy
5499,Helvetix
5500,gdgupta
5501,yob
5502,tc
5503,angelk
5504,cest
5505,InceptionOS
5506,Djarid
5507,Bee
5508,hald
5509,saidcommercial
5510,Andree
5511,zedek
5512,tiago
5513,immunizer
5514,void1
5515,void
5516,pevva
5517,moc
5518,munk
5519,yositune
5520,alpha
5521,thagale
5522,thibaut
5523,ciropom
5524,amey
5525,almuric
5526,AndreasK
5527,ezzeldingod
5528,leshert
5529,fervp
5530,ym1983
5531,billsb
5532,iceman
5533,morteza
5534,i386
5535,mahanare
5536,kih
5537,sethg
5538,aq
5539,gopi
5540,bombastic
5541,caro
5542,kers
5543,kongyew
5544,springfield
5545,het
5546,BlueJeanbaby9372
5547,seanl
5548,zcbmzcbm
5549,magog
5550,jlof
5551,mcoletti
5552,rpm
5553,initself
5554,nobby
5555,godefroy
5556,Anguo
5557,LetterJ
5558,pbirmingham
5559,bmann
5560,owrede
5561,karingo
5562,jmcg
5563,locust
5564,fhief
5565,HansWolters
5566,mustafa
5567,magKong
5568,TimCook
5569,FungosBauux
5570,davidd
5571,c7g
5572,boski66
5573,dtight
5574,typo
5575,godfather
5576,powertech
5577,zor0n
5578,aleck
5579,JulianM
5580,shew
5581,baden
5582,AntiTuX
5583,panner
5584,doguglasdel
5585,nleitao
5586,nenolod
5587,memeyou
5588,TheRoxo
5589,deric
5590,freephile
5591,toma
5592,offensive
5593,oghinet
5594,vigu
5595,texaspbig
5596,djmaucom
5597,juliux
5598,ptwithy
5599,henrique
5600,sindoc
5601,cddr
5602,lohengrin
5603,njerpe
5604,thatha
5605,acj
5606,thouters
5607,cheery
5608,nihed
5609,jmbr
5610,tx0
5611,Skout
5612,cvr
5613,neelk
5614,kadoubek
5615,elmuerte
5616,tinixtech
5617,ringmaster
5618,smokris
5619,quasi
5620,hugoduncan
5621,zitterbewegung
5622,AlisonW
5623,NgoThanhNhan
5624,CaptSolo
5625,salaty
5626,woggel
5627,rosorio
5628,chrismear
5629,serverhorror
5630,jhelwig
5631,logicfee
5632,gjhiggins
5633,ottok
5634,mehrabun
5635,ws4u
5636,nilarimogard
5637,xekoukou
5638,Dianora
5639,tylergillies
5640,bmericc
5641,gtklocker
5642,bramsey
5643,stackpopper
5644,thexplorer
5645,f1r3br4nd
5646,noeld
5647,Archeron
5648,jk
5649,mercoeur
5650,dltxprt
5651,shinta
5652,aal
5653,wnoise
5654,mis
5655,coffelius
5656,percious
5657,tuxzone
5658,emartel
5659,AvEng
5660,onegeekadvogato
5661,pupq
5662,jwhiter
5663,karinkoopmans
5664,maketo
5665,Dartanyan
5666,mjstahl
5667,lpolzer
5668,zodiac
5669,paco
5670,Miham
5671,jaygray
5672,pixelcort
5673,sidr
5674,NoWhereMan
5675,scamm420
5676,seeker
5677,ivar
5678,ron4ld
5679,tchambery
5680,vboctor
5681,bko
5682,budhull
5683,luthiano
5684,marcos
5685,EwS
5686,patthoyts
5687,Marshall
5688,toofani
5689,icez
5690,urglacier
5691,motty
5692,nanda
5693,ryutin
5694,philnyc
5695,x11
5696,nirmeshmit
5697,clf55
5698,sabetts
5699,Budgester
5700,matthewd
5701,nthiery
5702,cthomaz
5703,scs
5704,sausageboy
5705,brandon
5706,off
5707,mstyne
5708,iceman546
5709,revo
5710,arubin
5711,psionic
5712,Grecko
5713,lucio
5714,surripui
5715,peretto
5716,sysdebug
5717,Pirolla
5718,rlinux
5719,fsmunoz
5720,Carlo
5721,hunkim
5722,DeadRat
5723,Gecko
5724,DaSyonic
5725,eisenbud
5726,japc
5727,teenwolf
5728,Maxamilles
5729,larry2k
5730,eMMe
5731,silas
5732,bcl
5733,instructor
5734,nated
5735,robot
5736,megan
5737,lfaraone
5738,bwy
5739,mdchaney
5740,MarkLentczner
5741,EdCrypt
5742,altair
5743,chriszilla
5744,ada
5745,kentsin
5746,Maxious
5747,jmcmurry
5748,dmaster
5749,uzada
5750,Tommer
5751,cjw296
5752,ep
5753,Scar
5754,eloj
5755,Marjon
5756,davemayall
5757,andrewsj
5758,joeschmoe
5759,skagert
5760,DailyDumbShit
5761,talg
5762,NightOwl
5763,MUD
5764,benkar
5765,a
5766,fergal
5767,dump
5768,majcher
5769,pipe
5770,tomlen
5771,midal
5772,kwired
5773,prana
5774,raqueeb
5775,toonsy
5776,mtdew
5777,holsta
5778,Seri
5779,ppol
5780,aspinall
5781,nxc3
5782,flight2
5783,pilotlight
5784,jhulten
5785,ady
5786,carnie59
5787,skyhook
5788,dkg
5789,drodaho
5790,sabby
5791,taverner
5792,jqpdev
5793,wimpi
5794,Guybz
5795,HanDeng
5796,drazzib
5797,fjefdez
5798,coyotescreams
5799,mose
5800,darthgnu
5801,danandita
5802,MattInX
5803,sparkes
5804,redd
5805,nmb
5806,cycho
5807,Simonlaugsand
5808,arahwilde06
5809,stipe
5810,jeffx
5811,darco
5812,corkill
5813,clynbech
5814,szutshi
5815,ara00tman26
5816,Odracirredwolf
5817,pcsec
5818,1981
5819,chowells
5820,gwright
5821,cartman
5822,Teo
5823,ezpano
5824,DavidSitsky
5825,jmsaunders
5826,greenegypt12
5827,dreww
5828,synack
5829,shailesh369
5830,pweiskircher
5831,miaomix
5832,nunodonato
5833,aslak
5834,caedwa
5835,pierreben
5836,Sasha
5837,mohsen
5838,belmo
5839,dhuebner
5840,martinthompson
5841,auxesis
5842,flight
5843,willg
5844,nictamer
5845,jgoldsch
5846,jxde
5847,gezick
5848,epaulson
5849,xDroid
5850,mtm
5851,gorkem
5852,Rachie
5853,princess
5854,stephd
5855,exabyte
5856,keller
5857,gerg
5858,aXmedy
5859,prahe
5860,gproux
5861,mariano
5862,markom
5863,vivake
5864,dyfrgi
5865,AndrewDSmart
5866,sivang
5867,anormalu
5868,cwyang
5869,dojohnson2000
5870,cerb
5871,sajith
5872,Xero
5873,keemun
5874,csl
5875,krazo
5876,trovao
5877,flicker
5878,statio
5879,pcrosby
5880,jalal
5881,gerlofsma
5882,eugene
5883,seven
5884,moe
5885,vanterpool
5886,firedragon
5887,antagonizt
5888,collard
5889,CHRISSTARNS
5890,Diwann
5891,3222
5892,babarum
5893,Tadu
5894,frodo
5895,sydbarrett74
5896,pdr
5897,LinuxMaster
5898,werschi
5899,kimosabe
5900,pnis
5901,jimr
5902,davemc
5903,efugio
5904,DarthEvangelus
5905,justmahir
5906,ananda
5907,earlneath
5908,zypherh3t
5909,StuC
5910,jpraher
5911,early
5912,gschlossnagle
5913,cafuent
5914,zerodeux
5915,bse
5916,jdigital
5917,lion
5918,roberts
5919,gotcha
5920,hansw
5921,nyberg
5922,DrewLondon
5923,AgrOI
5924,markdavis
5925,kianseong
5926,PrinceOfChaos
5927,tab
5928,mdm42
5929,lizhijie
5930,camworld
5931,jrockway
5932,va511e
5933,kalpurush
5934,slamp
5935,codrea
5936,razor
5937,jnutting
5938,leighsmith
5939,sparge
5940,gypsumfantastic
5941,Illuvatar
5942,tlbdk
5943,billbob
5944,kalison
5945,lovelace
5946,dps29
5947,airlover
5948,grinderthesecond
5949,on3tr4ckm1nd
5950,rgeistlinger
5951,nayyar
5952,hughbrien
5953,jduncan
5954,slaine
5955,mwl
5956,lize
5957,aersoy
5958,reagle
5959,svan
5960,zhendong
5961,xgustavo
5962,flanth
5963,vivekvc
5964,feterno
5965,kscanne
5966,Goonie
5967,flynn
5968,robnator
5969,jsilva
5970,rurban
5971,Funklord
5972,updong
5973,mharun
5974,heyjude68
5975,Smirks
5976,arabuss06
5977,akamai
5978,savior
5979,wscott
5980,wangwr
5981,pblo
5982,alexander
5983,delirium
5984,aron
5985,nayyares
5986,stephenc
5987,kafine
5988,tendencies
5989,mingster
5990,jaredflo
5991,Joschi
5992,cyantist
5993,jp
5994,teeh
5995,rcj
5996,javier
5997,pamri
5998,tld
5999,navajo
6000,hasy111
6001,crf
6002,deadpunkguy
6003,rhkramer03
6004,rhkramer
6005,djexploit
6006,faye
6007,CodeMonkey
6008,ax
6009,nik123
6010,joshuaunderscore
6011,thoffmeyer
6012,maa
6013,Magnus
6014,bejooo
6015,syd
6016,Sk8r
6017,ayeq
6018,ajaywal
6019,goyette017
6020,deinol
6021,Segora
6022,glenn1you0
6023,ddh
6024,benjaminlee
6025,elijah
6026,Tophu
6027,armando
6028,elsharkco
6029,mhat
6030,starbritegirl
6031,dossy
6032,bdonlan
6033,nwp
6034,zhware
6035,cruzeta
6036,Anubis
6037,juha
6038,dvb
6039,eventide
6040,wardk
6041,Holloway
6042,marquee
6043,bluedraggon
6044,valkor
6045,carlox
6046,kbuytaert
6047,maym
6048,dscollins
6049,CentrX
6050,MildSeven
6051,SlightlyMadman
6052,filex
6053,aksaharan
6054,mateen
6055,ikt0me
6056,malander
6057,roytoo
6058,drzap
6059,lupusBE
6060,fix
6061,DoubleU
6062,BinaryJono
6063,elbustancoltd
6064,araccola16
6065,linergy
6066,opie
6067,jkluebs
6068,dsandrade
6069,shashi
6070,mrjoel
6071,MadBoy
6072,nrabe
6073,bobreyes
6074,dnk
6075,Shenrong
6076,ncunningham
6077,cgu
6078,zelphyr
6079,tiploo
6080,mrdoornbos
6081,ostampflee
6082,skillakorn
6083,kramarao
6084,ddevendra
6085,jguo
6086,Aragorn
6087,sera
6088,mobydobius
6089,dpmohne
6090,paulcarter
6091,TyCo
6092,technofrillco
6093,jcarlsson
6094,eviltypeguy
6095,systa
6096,meersan
6097,rwuest
6098,obscuro
6099,baschny
6100,Coldharbour
6101,compukid
6102,jeroen
6103,theverychap
6104,zitro
6105,marzaustralia
6106,sarynx
6107,ajn
6108,henner
6109,don
6110,Momch
6111,ankit
6112,noselasd
6113,chillywilly
6114,larsneo
6115,tgr
6116,phpforge
6117,ynhguard
6118,tan
6119,karawynn
6120,mish
6121,tkuehne
6122,Elkay
6123,Euan
6124,scaramanga
6125,gramslink
6126,edmundo
6127,phusnikn
6128,erpolllo
6129,crossland
6130,habfan
6131,XeF4
6132,vovin
6133,johndoe
6134,ingotee
6135,ithamar
6136,herlo
6137,int
6138,jdm
6139,jdandrews
6140,BillGlover
6141,mouns
6142,s2demand
6143,lihlii
6144,antiteror
6145,rip
6146,moranski
6147,GeuS
6148,Login
6149,andrea
6150,jtl
6151,Whitten
6152,abutre
6153,caderoux
6154,stripling
6155,francis
6156,hardwyrd
6157,egyptiancofor
6158,MacroHard
6159,systrace
6160,gps
6161,mat
6162,tirsen
6163,alexzing
6164,drwylde
6165,someidiot42
6166,rocapal
6167,penguinmeow
6168,ether
6169,jimn
6170,jop
6171,JunkMale
6172,utzig
6173,az001
6174,three30
6175,mayank
6176,sambau
6177,ronni
6178,dmolnar
6179,guillermo
6180,tal
6181,spiff
6182,andika
6183,drwat
6184,nash
6185,CodeWarrior
6186,gbraad
6187,gtk
6188,nirmal
6189,meckchan
6190,avallark
6191,udhay
6192,pierrebz
6193,mwa
6194,aaronwald
6195,YotamAviv
6196,fnesti
6197,Mfana
6198,madan
6199,elmar555
6200,jgaiser
6201,spirit
6202,Hairil
6203,bo
6204,malte
6205,chrisF
6206,Mudry
6207,syntaxis
6208,CrisR
6209,dearkeka
6210,ryjkavik
6211,Wastelander
6212,rgressler
6213,jmb
6214,unmadindu
6215,beast
6216,shad0w
6217,leojne
6218,tms
6219,tobiasquinn
6220,sdebnath
6221,berson
6222,dale
6223,rezso
6224,Aardappel
6225,ljagged
6226,path
6227,jasons
6228,ChristopherA
6229,guccio
6230,neeo
6231,SteamedPenguin
6232,ekj
6233,cyrelk
6234,checko
6235,araocktoday46
6236,jhammons
6237,dsk
6238,taybin
6239,Sphinx
6240,buda
6241,thinkhole
6242,aramin196
6243,JediProgrammer
6244,bypass
6245,mojega
6246,swain
6247,Lathi
6248,stevengj
6249,ZClark
6250,jrpascucci
6251,JN
6252,Mandrake
6253,arthurtyde
6254,richi
6255,fredness
6256,speeder2
6257,fredrick
6258,jmerelo
6259,AMIR
6260,tkk
6261,amatteson
6262,JonKatz
6263,evand
6264,zeeshanhayat
6265,royes
6266,ellis
6267,jedstr
6268,sammy
6269,cazort
6270,loveandpeace
6271,tk421
6272,writer
6273,bofouz
6274,firefly
6275,littleye
6276,tenglin
6277,erwan
6278,peterx
6279,starbucks
6280,abuthens
6281,thecrypto
6282,dgoel3
6283,lcs012
6284,cmlh
6285,silvs
6286,imsaguy
6287,JPV
6288,51lent
6289,tadasana
6290,zakame
6291,gliptak
6292,tublits
6293,mcmilk
6294,jace
6295,codemonk
6296,arianne
6297,anselmo
6298,adi
6299,mutende
6300,SamBennet
6301,Blancolioni
6302,Liv3wir3
6303,marcoli
6304,kurler
6305,editroid
6306,gismo
6307,JuanBernabo
6308,ungaro
6309,RareHeintz
6310,rootcode
6311,cbz
6312,bytes256
6313,bears
6314,patkarraj
6315,anmar
6316,echarpe
6317,jblnyc
6318,mhanlon
6319,djjeny
6320,siriwat
6321,ddiaz
6322,seb
6323,simonwittber
6324,zaustin
6325,magnon
6326,koronoi
6327,erpagnolo
6328,resedit
6329,theinternational45
6330,scintill
6331,tuesday
6332,sbalneav
6333,terryp
6334,phro
6335,mjd
6336,drysdam
6337,brunocornec
6338,bligneri
6339,pms
6340,geodaf
6341,wrc
6342,Smith
6343,muntyan
6344,blob
6345,derya
6346,Norgul
6347,osmaker
6348,response2001
6349,EarthTone
6350,yunosh
6351,ayman
6352,tongue
6353,jbourne
6354,herrawioffice
6355,delverdave
6356,adric
6357,luwei
6358,munroe
6359,looluo
6360,EmptyOne
6361,NetStaRt
6362,khedron
6363,dondelelcaro
6364,kfg
6365,tmattern
6366,viksit
6367,abid
6368,d
6369,sonSSJ4
6370,juman
6371,SgtPepper
6372,Clitheroe
6373,kirtikamanohar
6374,Charles
6375,grahamw
6376,tomerc
6377,rpragana
6378,rlowe
6379,chunsj
6380,lool
6381,zL
6382,ms
6383,sc
6384,BigZaphod
6385,sylviechen
6386,CuongHuyTo
6387,vbdogan
6388,rudyawkins
6389,amu
6390,axon
6391,weitech
6392,Drew
6393,thm
6394,macleo
6395,maco
6396,zlmdayspring
6397,Cyrius
6398,pt046438
6399,noorazeela
6400,MyJodoh
6401,Myke
6402,futaris
6403,northrup
6404,itianz
6405,jj50sa
6406,paulgiron
6407,dpiinc
6408,devusb
6409,jsmith
6410,orib
6411,gbauman
6412,jbalsama
6413,breeze
6414,af0001
6415,richardl
6416,dopeflish
6417,rajeevsharma
6418,kilobyte
6419,jayeshks
6420,cthulhubob
6421,spets
6422,MattPayne
6423,prj
6424,andfarm
6425,sRp
6426,BlckKnght
6427,damocles
6428,ara0bin26
6429,jdo
6430,gomeh
6431,nourantofort
6432,baitalmal
6433,mhamilton
6434,Jazz
6435,enveraltin
6436,rv
6437,zzone
6438,farkov
6439,4x
6440,Andreyvlru
6441,moylan
6442,mlf
6443,ccurtis
6444,ocampo
6445,iamthelukas
6446,guanix
6447,darkelder
6448,dbj
6449,Grinder
6450,Fruitwoot
6451,fmyhotboy19
6452,debipagetwo
6453,jleach
6454,lowlife
6455,tjhart
6456,rux
6457,jsl123
6458,rek2
6459,adolar
6460,kv2004
6461,Rakefighter
6462,hawk
6463,surfer
6464,bwarff
6465,lweston
6466,xzibit
6467,esh
6468,gogaxxx
6469,schmoo
6470,gewrgiou
6471,pombredanne
6472,netjackal
6473,jasonp
6474,patware
6475,lahous
6476,housel
6477,magnusjonsson
6478,vladimirliu
6479,floop
6480,KingMushroom
6481,rp
6482,Dunceor
6483,greystar
6484,amateen
6485,ressu
6486,roman
6487,spiderman
6488,alexvolkov
6489,Enthrad
6490,wet
6491,jesi
6492,scann
6493,olilo
6494,ibnmaja
6495,terminus
6496,dbrock
6497,sungminii
6498,kdkeck
6499,ferulisses
6500,mov
6501,n3m6
6502,mid
6503,basvk
6504,stormwave
6505,frealek
6506,JeffDay
6507,ravine
6508,syn
6509,dsb3
6510,licio
6511,ggdev
6512,fig
6513,Babamus
6514,bobo
6515,Didel
6516,data64
6517,lakeland
6518,msew
6519,AndyDvorak
6520,vmmenon
6521,johnhiler
6522,AccordionGuy
6523,enjoipandapoo
6524,mtaipe
6525,hulver
6526,asanders
6527,Aracnus
6528,billstewart
6529,tcg
6530,boerner
6531,barismetin
6532,baris
6533,obritim
6534,arabouma36
6535,MachX
6536,seahawk
6537,xchaix
6538,sktrdie
6539,KellyHo
6540,mike1086
6541,thelema
